2026-09-29T12:42:43.224-04:00  INFO 11180 --- [nobsv2] [main] com.example.nobsv2.Nobsv2Application     : Starting Nobsv2Application using Java 17.0.8.1 with PID 11180 (C:\Users\brand\eclipse-workspace\nobsv2\target\classes started by brand in C:\Users\brand\eclipse-workspace\nobsv2)
2026-09-29T12:42:43.228-04:00  INFO 11180 --- [nobsv2] [main] com.example.nobsv2.Nobsv2Application     : No active profile set, falling back to 1 default profile: "default"
2026-09-29T12:42:43.807-04:00  INFO 11180 --- [nobsv2] [main] .s.d.r.c.RepositoryConfigurationDelegate : Bootstrapping Spring Data JPA repositories in DEFAULT mode.
2026-09-29T12:42:43.863-04:00  INFO 11180 --- [nobsv2] [main] .s.d.r.c.RepositoryConfigurationDelegate : Finished Spring Data repository scanning in 44 ms. Found 2 JPA repository interfaces.
2026-09-29T12:42:44.278-04:00  INFO 11180 --- [nobsv2] [main] o.s.boot.tomcat.TomcatWebServer          : Tomcat initialized with port 8081 (http)
2026-09-29T12:42:44.291-04:00  INFO 11180 --- [nobsv2] [main] o.apache.catalina.core.StandardService   : Starting service [Tomcat]
2026-09-29T12:42:44.292-04:00  INFO 11180 --- [nobsv2] [main] o.apache.catalina.core.StandardEngine    : Starting Servlet engine: [Apache Tomcat/11.0.24]
2026-09-29T12:42:44.344-04:00  INFO 11180 --- [nobsv2] [main] b.w.c.s.WebApplicationContextInitializer : Root WebApplicationContext: initialization completed in 1076 ms
2026-09-29T12:42:44.496-04:00  INFO 11180 --- [nobsv2] [main] com.zaxxer.hikari.HikariDataSource       : HikariPool-1 - Starting...
2026-09-29T12:42:44.797-04:00  INFO 11180 --- [nobsv2] [main] com.zaxxer.hikari.pool.HikariPool        : HikariPool-1 - Added connection com.mysql.cj.jdbc.ConnectionImpl@3c16528d
2026-09-29T12:42:44.799-04:00  INFO 11180 --- [nobsv2] [main] com.zaxxer.hikari.HikariDataSource       : HikariPool-1 - Start completed.
2026-09-29T12:42:44.828-04:00  INFO 11180 --- [nobsv2] [main] org.hibernate.orm.jpa                    : HHH008540: Processing PersistenceUnitInfo [name: default]
2026-09-29T12:42:44.903-04:00  INFO 11180 --- [nobsv2] [main] org.hibernate.orm.core                   : HHH000001: Hibernate ORM core version 7.4.5.Final
2026-09-29T12:42:45.412-04:00  INFO 11180 --- [nobsv2] [main] o.s.o.j.p.SpringPersistenceUnitInfo      : No LoadTimeWeaver setup: ignoring JPA class transformer
2026-09-29T12:42:45.539-04:00  INFO 11180 --- [nobsv2] [main] org.hibernate.orm.connections.pooling    : HHH10001005: Database info:
	Database JDBC URL [jdbc:mysql://localhost:3306/nobsv2]
	Database driver: MySQL Connector/J
	Database dialect: MySQLDialect
	Database version: 8.0.34
	Default catalog/schema: nobsv2/undefined
	Autocommit mode: undefined/unknown
	Isolation level: REPEATABLE_READ [default REPEATABLE_READ]
	JDBC fetch size: none
	Pool: DataSourceConnectionProvider
	Minimum pool size: undefined/unknown
	Maximum pool size: undefined/unknown
2026-09-29T12:42:46.464-04:00  INFO 11180 --- [nobsv2] [main] org.hibernate.orm.core                   : HHH000489: No JTA platform available (set 'hibernate.transaction.jta.platform' to enable JTA platform integration)
2026-09-29T12:42:46.472-04:00  INFO 11180 --- [nobsv2] [main] j.LocalContainerEntityManagerFactoryBean : Initialized JPA EntityManagerFactory for persistence unit 'default'
2026-09-29T12:42:46.547-04:00  INFO 11180 --- [nobsv2] [main] o.s.d.j.r.query.QueryEnhancerFactories   : Hibernate is in classpath; If applicable, HQL parser will be used.
2026-09-29T12:42:47.220-04:00  WARN 11180 --- [nobsv2] [main] JpaBaseConfiguration$JpaWebConfiguration : spring.jpa.open-in-view is enabled by default. Therefore, database queries may be performed during view rendering. Explicitly configure spring.jpa.open-in-view to disable this warning
2026-09-29T12:42:47.543-04:00  INFO 11180 --- [nobsv2] [main] o.s.boot.tomcat.TomcatWebServer          : Tomcat started on port 8081 (http) with context path '/'
2026-09-29T12:42:47.548-04:00  INFO 11180 --- [nobsv2] [main] com.example.nobsv2.Nobsv2Application     : Started Nobsv2Application in 4.759 seconds (process running for 5.461)
2026-09-29T12:42:59.916-04:00  INFO 11180 --- [nobsv2] [http-nio-8081-exec-2] o.a.c.c.C.[Tomcat].[localhost].[/]       : Initializing Spring DispatcherServlet 'dispatcherServlet'
2026-09-29T12:42:59.916-04:00  INFO 11180 --- [nobsv2] [http-nio-8081-exec-2] o.s.web.servlet.DispatcherServlet        : Initializing Servlet 'dispatcherServlet'
2026-09-29T12:42:59.917-04:00  INFO 11180 --- [nobsv2] [http-nio-8081-exec-2] o.s.web.servlet.DispatcherServlet        : Completed initialization in 1 ms
2026-09-29T12:42:59.965-04:00  INFO 11180 --- [nobsv2] [http-nio-8081-exec-2] c.e.n.p.services.GetProductService       : Executing class com.example.nobsv2.product.services.GetProductService input: 20
2026-09-29T12:43:00.079-04:00 ERROR 11180 --- [nobsv2] [http-nio-8081-exec-2] c.e.n.e.ProductNotFoundException         : Exception class com.example.nobsv2.exceptions.ProductNotFoundException thrown
2026-09-29T12:43:40.912-04:00  INFO 11180 --- [nobsv2] [RMI TCP Connection(3)-127.0.0.1] inMXBeanRegistrar$SpringApplicationAdmin : Application shutdown requested.
2026-09-29T12:43:40.951-04:00  INFO 11180 --- [nobsv2] [RMI TCP Connection(3)-127.0.0.1] o.s.boot.tomcat.GracefulShutdown         : Commencing graceful shutdown. Waiting for active requests to complete
2026-09-29T12:43:41.709-04:00  INFO 11180 --- [nobsv2] [tomcat-shutdown] o.s.boot.tomcat.GracefulShutdown         : Graceful shutdown complete
2026-09-29T12:43:41.725-04:00  INFO 11180 --- [nobsv2] [RMI TCP Connection(3)-127.0.0.1] j.LocalContainerEntityManagerFactoryBean : Closing JPA EntityManagerFactory for persistence unit 'default'
2026-09-29T12:43:41.755-04:00  INFO 11180 --- [nobsv2] [RMI TCP Connection(3)-127.0.0.1] com.zaxxer.hikari.HikariDataSource       : HikariPool-1 - Shutdown initiated...
2026-09-29T12:43:41.804-04:00  INFO 11180 --- [nobsv2] [RMI TCP Connection(3)-127.0.0.1] com.zaxxer.hikari.HikariDataSource       : HikariPool-1 - Shutdown completed.
2026-09-29T12:43:49.303-04:00  INFO 29208 --- [nobsv2] [main] com.example.nobsv2.Nobsv2Application     : Starting Nobsv2Application using Java 17.0.8.1 with PID 29208 (C:\Users\brand\eclipse-workspace\nobsv2\target\classes started by brand in C:\Users\brand\eclipse-workspace\nobsv2)
2026-09-29T12:43:49.306-04:00  INFO 29208 --- [nobsv2] [main] com.example.nobsv2.Nobsv2Application     : No active profile set, falling back to 1 default profile: "default"
2026-09-29T12:43:49.962-04:00  INFO 29208 --- [nobsv2] [main] .s.d.r.c.RepositoryConfigurationDelegate : Bootstrapping Spring Data JPA repositories in DEFAULT mode.
2026-09-29T12:43:50.012-04:00  INFO 29208 --- [nobsv2] [main] .s.d.r.c.RepositoryConfigurationDelegate : Finished Spring Data repository scanning in 41 ms. Found 2 JPA repository interfaces.
2026-09-29T12:43:50.406-04:00  INFO 29208 --- [nobsv2] [main] o.s.boot.tomcat.TomcatWebServer          : Tomcat initialized with port 8081 (http)
2026-09-29T12:43:50.420-04:00  INFO 29208 --- [nobsv2] [main] o.apache.catalina.core.StandardService   : Starting service [Tomcat]
2026-09-29T12:43:50.420-04:00  INFO 29208 --- [nobsv2] [main] o.apache.catalina.core.StandardEngine    : Starting Servlet engine: [Apache Tomcat/11.0.24]
2026-09-29T12:43:50.474-04:00  INFO 29208 --- [nobsv2] [main] b.w.c.s.WebApplicationContextInitializer : Root WebApplicationContext: initialization completed in 1132 ms
2026-09-29T12:43:50.620-04:00  INFO 29208 --- [nobsv2] [main] com.zaxxer.hikari.HikariDataSource       : HikariPool-1 - Starting...
2026-09-29T12:43:50.907-04:00  INFO 29208 --- [nobsv2] [main] com.zaxxer.hikari.pool.HikariPool        : HikariPool-1 - Added connection com.mysql.cj.jdbc.ConnectionImpl@2bb31455
2026-09-29T12:43:50.909-04:00  INFO 29208 --- [nobsv2] [main] com.zaxxer.hikari.HikariDataSource       : HikariPool-1 - Start completed.
2026-09-29T12:43:50.942-04:00  INFO 29208 --- [nobsv2] [main] org.hibernate.orm.jpa                    : HHH008540: Processing PersistenceUnitInfo [name: default]
2026-09-29T12:43:51.022-04:00  INFO 29208 --- [nobsv2] [main] org.hibernate.orm.core                   : HHH000001: Hibernate ORM core version 7.4.5.Final
2026-09-29T12:43:51.520-04:00  INFO 29208 --- [nobsv2] [main] o.s.o.j.p.SpringPersistenceUnitInfo      : No LoadTimeWeaver setup: ignoring JPA class transformer
2026-09-29T12:43:51.633-04:00  INFO 29208 --- [nobsv2] [main] org.hibernate.orm.connections.pooling    : HHH10001005: Database info:
	Database JDBC URL [jdbc:mysql://localhost:3306/nobsv2]
	Database driver: MySQL Connector/J
	Database dialect: MySQLDialect
	Database version: 8.0.34
	Default catalog/schema: nobsv2/undefined
	Autocommit mode: undefined/unknown
	Isolation level: REPEATABLE_READ [default REPEATABLE_READ]
	JDBC fetch size: none
	Pool: DataSourceConnectionProvider
	Minimum pool size: undefined/unknown
	Maximum pool size: undefined/unknown
2026-09-29T12:43:52.600-04:00  INFO 29208 --- [nobsv2] [main] org.hibernate.orm.core                   : HHH000489: No JTA platform available (set 'hibernate.transaction.jta.platform' to enable JTA platform integration)
2026-09-29T12:43:52.607-04:00  INFO 29208 --- [nobsv2] [main] j.LocalContainerEntityManagerFactoryBean : Initialized JPA EntityManagerFactory for persistence unit 'default'
2026-09-29T12:43:52.678-04:00  INFO 29208 --- [nobsv2] [main] o.s.d.j.r.query.QueryEnhancerFactories   : Hibernate is in classpath; If applicable, HQL parser will be used.
2026-09-29T12:43:53.282-04:00  WARN 29208 --- [nobsv2] [main] JpaBaseConfiguration$JpaWebConfiguration : spring.jpa.open-in-view is enabled by default. Therefore, database queries may be performed during view rendering. Explicitly configure spring.jpa.open-in-view to disable this warning
2026-09-29T12:43:53.589-04:00  INFO 29208 --- [nobsv2] [main] o.s.boot.tomcat.TomcatWebServer          : Tomcat started on port 8081 (http) with context path '/'
2026-09-29T12:43:53.593-04:00  INFO 29208 --- [nobsv2] [main] com.example.nobsv2.Nobsv2Application     : Started Nobsv2Application in 4.712 seconds (process running for 5.479)
2026-09-29T12:44:01.833-04:00  INFO 29208 --- [nobsv2] [http-nio-8081-exec-2] o.a.c.c.C.[Tomcat].[localhost].[/]       : Initializing Spring DispatcherServlet 'dispatcherServlet'
2026-09-29T12:44:01.834-04:00  INFO 29208 --- [nobsv2] [http-nio-8081-exec-2] o.s.web.servlet.DispatcherServlet        : Initializing Servlet 'dispatcherServlet'
2026-09-29T12:44:01.835-04:00  INFO 29208 --- [nobsv2] [http-nio-8081-exec-2] o.s.web.servlet.DispatcherServlet        : Completed initialization in 1 ms
2026-09-29T12:44:01.884-04:00  INFO 29208 --- [nobsv2] [http-nio-8081-exec-2] c.e.n.p.services.GetProductService       : Executing class com.example.nobsv2.product.services.GetProductService input: 20
2026-09-29T12:44:01.966-04:00 ERROR 29208 --- [nobsv2] [http-nio-8081-exec-2] c.e.n.e.ProductNotFoundException         : Exception class com.example.nobsv2.exceptions.ProductNotFoundException thrown
2026-09-29T12:48:24.242-04:00  INFO 29208 --- [nobsv2] [http-nio-8081-exec-5] c.e.n.p.services.GetProductService       : Executing class com.example.nobsv2.product.services.GetProductService input: 2
2026-09-29T12:48:53.317-04:00  INFO 29208 --- [nobsv2] [http-nio-8081-exec-6] c.e.n.p.services.GetProductService       : Executing class com.example.nobsv2.product.services.GetProductService input: 2
2026-09-29T12:48:57.438-04:00  INFO 29208 --- [nobsv2] [http-nio-8081-exec-7] c.e.n.p.services.GetProductService       : Executing class com.example.nobsv2.product.services.GetProductService input: 2
2026-09-29T12:52:07.157-04:00  INFO 29208 --- [nobsv2] [RMI TCP Connection(13)-127.0.0.1] inMXBeanRegistrar$SpringApplicationAdmin : Application shutdown requested.
2026-09-29T12:52:08.826-04:00  INFO 29208 --- [nobsv2] [RMI TCP Connection(13)-127.0.0.1] o.s.boot.tomcat.GracefulShutdown         : Commencing graceful shutdown. Waiting for active requests to complete
2026-09-29T12:52:11.942-04:00  INFO 29208 --- [nobsv2] [tomcat-shutdown] o.s.boot.tomcat.GracefulShutdown         : Graceful shutdown complete
2026-09-29T12:52:12.428-04:00  INFO 29208 --- [nobsv2] [RMI TCP Connection(13)-127.0.0.1] j.LocalContainerEntityManagerFactoryBean : Closing JPA EntityManagerFactory for persistence unit 'default'
2026-09-29T12:52:12.975-04:00  INFO 29208 --- [nobsv2] [RMI TCP Connection(13)-127.0.0.1] com.zaxxer.hikari.HikariDataSource       : HikariPool-1 - Shutdown initiated...
2026-09-29T12:52:13.755-04:00  INFO 29208 --- [nobsv2] [RMI TCP Connection(13)-127.0.0.1] com.zaxxer.hikari.HikariDataSource       : HikariPool-1 - Shutdown completed.
2026-09-29T12:52:24.022-04:00  INFO 11036 --- [nobsv2] [main] com.example.nobsv2.Nobsv2Application     : Starting Nobsv2Application using Java 17.0.8.1 with PID 11036 (C:\Users\brand\eclipse-workspace\nobsv2\target\classes started by brand in C:\Users\brand\eclipse-workspace\nobsv2)
2026-09-29T12:52:24.025-04:00  INFO 11036 --- [nobsv2] [main] com.example.nobsv2.Nobsv2Application     : No active profile set, falling back to 1 default profile: "default"
2026-09-29T12:52:24.758-04:00  INFO 11036 --- [nobsv2] [main] .s.d.r.c.RepositoryConfigurationDelegate : Bootstrapping Spring Data JPA repositories in DEFAULT mode.
2026-09-29T12:52:24.856-04:00  INFO 11036 --- [nobsv2] [main] .s.d.r.c.RepositoryConfigurationDelegate : Finished Spring Data repository scanning in 79 ms. Found 2 JPA repository interfaces.
2026-09-29T12:52:25.459-04:00  INFO 11036 --- [nobsv2] [main] o.s.boot.tomcat.TomcatWebServer          : Tomcat initialized with port 8081 (http)
2026-09-29T12:52:25.473-04:00  INFO 11036 --- [nobsv2] [main] o.apache.catalina.core.StandardService   : Starting service [Tomcat]
2026-09-29T12:52:25.473-04:00  INFO 11036 --- [nobsv2] [main] o.apache.catalina.core.StandardEngine    : Starting Servlet engine: [Apache Tomcat/11.0.24]
2026-09-29T12:52:25.528-04:00  INFO 11036 --- [nobsv2] [main] b.w.c.s.WebApplicationContextInitializer : Root WebApplicationContext: initialization completed in 1445 ms
2026-09-29T12:52:25.703-04:00  INFO 11036 --- [nobsv2] [main] com.zaxxer.hikari.HikariDataSource       : HikariPool-1 - Starting...
2026-09-29T12:52:26.078-04:00  INFO 11036 --- [nobsv2] [main] com.zaxxer.hikari.pool.HikariPool        : HikariPool-1 - Added connection com.mysql.cj.jdbc.ConnectionImpl@1c68d0db
2026-09-29T12:52:26.080-04:00  INFO 11036 --- [nobsv2] [main] com.zaxxer.hikari.HikariDataSource       : HikariPool-1 - Start completed.
2026-09-29T12:52:26.111-04:00  INFO 11036 --- [nobsv2] [main] org.hibernate.orm.jpa                    : HHH008540: Processing PersistenceUnitInfo [name: default]
2026-09-29T12:52:26.187-04:00  INFO 11036 --- [nobsv2] [main] org.hibernate.orm.core                   : HHH000001: Hibernate ORM core version 7.4.5.Final
2026-09-29T12:52:26.829-04:00  INFO 11036 --- [nobsv2] [main] o.s.o.j.p.SpringPersistenceUnitInfo      : No LoadTimeWeaver setup: ignoring JPA class transformer
2026-09-29T12:52:27.013-04:00  INFO 11036 --- [nobsv2] [main] org.hibernate.orm.connections.pooling    : HHH10001005: Database info:
	Database JDBC URL [jdbc:mysql://localhost:3306/nobsv2]
	Database driver: MySQL Connector/J
	Database dialect: MySQLDialect
	Database version: 8.0.34
	Default catalog/schema: nobsv2/undefined
	Autocommit mode: undefined/unknown
	Isolation level: REPEATABLE_READ [default REPEATABLE_READ]
	JDBC fetch size: none
	Pool: DataSourceConnectionProvider
	Minimum pool size: undefined/unknown
	Maximum pool size: undefined/unknown
2026-09-29T12:52:27.960-04:00  INFO 11036 --- [nobsv2] [main] org.hibernate.orm.core                   : HHH000489: No JTA platform available (set 'hibernate.transaction.jta.platform' to enable JTA platform integration)
2026-09-29T12:52:27.967-04:00  INFO 11036 --- [nobsv2] [main] j.LocalContainerEntityManagerFactoryBean : Initialized JPA EntityManagerFactory for persistence unit 'default'
2026-09-29T12:52:28.053-04:00  INFO 11036 --- [nobsv2] [main] o.s.d.j.r.query.QueryEnhancerFactories   : Hibernate is in classpath; If applicable, HQL parser will be used.
2026-09-29T12:52:29.183-04:00  WARN 11036 --- [nobsv2] [main] JpaBaseConfiguration$JpaWebConfiguration : spring.jpa.open-in-view is enabled by default. Therefore, database queries may be performed during view rendering. Explicitly configure spring.jpa.open-in-view to disable this warning
2026-09-29T12:52:29.580-04:00  WARN 11036 --- [nobsv2] [main] ConfigServletWebServerApplicationContext : Exception encountered during context initialization - cancelling refresh attempt: org.springframework.beans.factory.NoSuchBeanDefinitionException: No qualifying bean of type 'org.springframework.cache.CacheManager' available: no CacheResolver specified - register a CacheManager bean or remove the @EnableCaching annotation from your configuration.
2026-09-29T12:52:29.581-04:00  INFO 11036 --- [nobsv2] [main] j.LocalContainerEntityManagerFactoryBean : Closing JPA EntityManagerFactory for persistence unit 'default'
2026-09-29T12:52:29.584-04:00  INFO 11036 --- [nobsv2] [main] com.zaxxer.hikari.HikariDataSource       : HikariPool-1 - Shutdown initiated...
2026-09-29T12:52:29.592-04:00  INFO 11036 --- [nobsv2] [main] com.zaxxer.hikari.HikariDataSource       : HikariPool-1 - Shutdown completed.
2026-09-29T12:52:29.594-04:00  INFO 11036 --- [nobsv2] [main] o.apache.catalina.core.StandardService   : Stopping service [Tomcat]
2026-09-29T12:52:29.608-04:00  INFO 11036 --- [nobsv2] [main] .s.b.a.l.ConditionEvaluationReportLogger : 

Error starting ApplicationContext. To display the condition evaluation report re-run your application with 'debug' enabled.
2026-09-29T12:52:29.626-04:00 ERROR 11036 --- [nobsv2] [main] o.s.b.d.LoggingFailureAnalysisReporter   : 

***************************
APPLICATION FAILED TO START
***************************

Description:

A component required a bean of type 'org.springframework.cache.CacheManager' that could not be found.


Action:

Consider defining a bean of type 'org.springframework.cache.CacheManager' in your configuration.

2026-09-29T13:00:17.435-04:00  INFO 14568 --- [nobsv2] [main] com.example.nobsv2.Nobsv2Application     : Starting Nobsv2Application using Java 17.0.8.1 with PID 14568 (C:\Users\brand\eclipse-workspace\nobsv2\target\classes started by brand in C:\Users\brand\eclipse-workspace\nobsv2)
2026-09-29T13:00:17.439-04:00  INFO 14568 --- [nobsv2] [main] com.example.nobsv2.Nobsv2Application     : No active profile set, falling back to 1 default profile: "default"
2026-09-29T13:00:18.222-04:00  INFO 14568 --- [nobsv2] [main] .s.d.r.c.RepositoryConfigurationDelegate : Bootstrapping Spring Data JPA repositories in DEFAULT mode.
2026-09-29T13:00:18.291-04:00  INFO 14568 --- [nobsv2] [main] .s.d.r.c.RepositoryConfigurationDelegate : Finished Spring Data repository scanning in 56 ms. Found 2 JPA repository interfaces.
2026-09-29T13:00:18.742-04:00  INFO 14568 --- [nobsv2] [main] o.s.boot.tomcat.TomcatWebServer          : Tomcat initialized with port 8081 (http)
2026-09-29T13:00:18.755-04:00  INFO 14568 --- [nobsv2] [main] o.apache.catalina.core.StandardService   : Starting service [Tomcat]
2026-09-29T13:00:18.755-04:00  INFO 14568 --- [nobsv2] [main] o.apache.catalina.core.StandardEngine    : Starting Servlet engine: [Apache Tomcat/11.0.24]
2026-09-29T13:00:18.809-04:00  INFO 14568 --- [nobsv2] [main] b.w.c.s.WebApplicationContextInitializer : Root WebApplicationContext: initialization completed in 1307 ms
2026-09-29T13:00:18.968-04:00  INFO 14568 --- [nobsv2] [main] com.zaxxer.hikari.HikariDataSource       : HikariPool-1 - Starting...
2026-09-29T13:00:19.284-04:00  INFO 14568 --- [nobsv2] [main] com.zaxxer.hikari.pool.HikariPool        : HikariPool-1 - Added connection com.mysql.cj.jdbc.ConnectionImpl@b5c902
2026-09-29T13:00:19.285-04:00  INFO 14568 --- [nobsv2] [main] com.zaxxer.hikari.HikariDataSource       : HikariPool-1 - Start completed.
2026-09-29T13:00:19.316-04:00  INFO 14568 --- [nobsv2] [main] org.hibernate.orm.jpa                    : HHH008540: Processing PersistenceUnitInfo [name: default]
2026-09-29T13:00:19.401-04:00  INFO 14568 --- [nobsv2] [main] org.hibernate.orm.core                   : HHH000001: Hibernate ORM core version 7.4.5.Final
2026-09-29T13:00:19.918-04:00  INFO 14568 --- [nobsv2] [main] o.s.o.j.p.SpringPersistenceUnitInfo      : No LoadTimeWeaver setup: ignoring JPA class transformer
2026-09-29T13:00:20.078-04:00  INFO 14568 --- [nobsv2] [main] org.hibernate.orm.connections.pooling    : HHH10001005: Database info:
	Database JDBC URL [jdbc:mysql://localhost:3306/nobsv2]
	Database driver: MySQL Connector/J
	Database dialect: MySQLDialect
	Database version: 8.0.34
	Default catalog/schema: nobsv2/undefined
	Autocommit mode: undefined/unknown
	Isolation level: REPEATABLE_READ [default REPEATABLE_READ]
	JDBC fetch size: none
	Pool: DataSourceConnectionProvider
	Minimum pool size: undefined/unknown
	Maximum pool size: undefined/unknown
2026-09-29T13:00:21.010-04:00  INFO 14568 --- [nobsv2] [main] org.hibernate.orm.core                   : HHH000489: No JTA platform available (set 'hibernate.transaction.jta.platform' to enable JTA platform integration)
2026-09-29T13:00:21.021-04:00  INFO 14568 --- [nobsv2] [main] j.LocalContainerEntityManagerFactoryBean : Initialized JPA EntityManagerFactory for persistence unit 'default'
2026-09-29T13:00:21.118-04:00  INFO 14568 --- [nobsv2] [main] o.s.d.j.r.query.QueryEnhancerFactories   : Hibernate is in classpath; If applicable, HQL parser will be used.
2026-09-29T13:00:21.890-04:00  WARN 14568 --- [nobsv2] [main] JpaBaseConfiguration$JpaWebConfiguration : spring.jpa.open-in-view is enabled by default. Therefore, database queries may be performed during view rendering. Explicitly configure spring.jpa.open-in-view to disable this warning
2026-09-29T13:00:22.299-04:00  INFO 14568 --- [nobsv2] [main] o.s.boot.tomcat.TomcatWebServer          : Tomcat started on port 8081 (http) with context path '/'
2026-09-29T13:00:22.304-04:00  INFO 14568 --- [nobsv2] [main] com.example.nobsv2.Nobsv2Application     : Started Nobsv2Application in 5.389 seconds (process running for 6.497)
2026-09-29T13:01:05.712-04:00  INFO 14568 --- [nobsv2] [http-nio-8081-exec-2] o.a.c.c.C.[Tomcat].[localhost].[/]       : Initializing Spring DispatcherServlet 'dispatcherServlet'
2026-09-29T13:01:05.712-04:00  INFO 14568 --- [nobsv2] [http-nio-8081-exec-2] o.s.web.servlet.DispatcherServlet        : Initializing Servlet 'dispatcherServlet'
2026-09-29T13:01:05.714-04:00  INFO 14568 --- [nobsv2] [http-nio-8081-exec-2] o.s.web.servlet.DispatcherServlet        : Completed initialization in 2 ms
2026-09-29T13:01:05.770-04:00  INFO 14568 --- [nobsv2] [http-nio-8081-exec-2] c.e.n.p.services.GetProductService       : Executing class com.example.nobsv2.product.services.GetProductService input: 2
2026-09-29T13:38:39.247-04:00  INFO 14568 --- [nobsv2] [RMI TCP Connection(43)-127.0.0.1] inMXBeanRegistrar$SpringApplicationAdmin : Application shutdown requested.
2026-09-29T13:38:39.913-04:00  INFO 14568 --- [nobsv2] [RMI TCP Connection(43)-127.0.0.1] o.s.boot.tomcat.GracefulShutdown         : Commencing graceful shutdown. Waiting for active requests to complete
2026-09-29T13:38:40.714-04:00  INFO 14568 --- [nobsv2] [tomcat-shutdown] o.s.boot.tomcat.GracefulShutdown         : Graceful shutdown complete
2026-09-29T13:38:40.815-04:00  INFO 14568 --- [nobsv2] [RMI TCP Connection(43)-127.0.0.1] j.LocalContainerEntityManagerFactoryBean : Closing JPA EntityManagerFactory for persistence unit 'default'
2026-09-29T13:38:40.896-04:00  INFO 14568 --- [nobsv2] [RMI TCP Connection(43)-127.0.0.1] com.zaxxer.hikari.HikariDataSource       : HikariPool-1 - Shutdown initiated...
2026-09-29T13:38:40.946-04:00  INFO 14568 --- [nobsv2] [RMI TCP Connection(43)-127.0.0.1] com.zaxxer.hikari.HikariDataSource       : HikariPool-1 - Shutdown completed.
2026-09-29T13:38:46.133-04:00  INFO 30120 --- [nobsv2] [main] com.example.nobsv2.Nobsv2Application     : Starting Nobsv2Application using Java 17.0.8.1 with PID 30120 (C:\Users\brand\eclipse-workspace\nobsv2\target\classes started by brand in C:\Users\brand\eclipse-workspace\nobsv2)
2026-09-29T13:38:46.137-04:00  INFO 30120 --- [nobsv2] [main] com.example.nobsv2.Nobsv2Application     : No active profile set, falling back to 1 default profile: "default"
2026-09-29T13:38:46.795-04:00  INFO 30120 --- [nobsv2] [main] .s.d.r.c.RepositoryConfigurationDelegate : Bootstrapping Spring Data JPA repositories in DEFAULT mode.
2026-09-29T13:38:46.853-04:00  INFO 30120 --- [nobsv2] [main] .s.d.r.c.RepositoryConfigurationDelegate : Finished Spring Data repository scanning in 48 ms. Found 2 JPA repository interfaces.
2026-09-29T13:38:47.260-04:00  INFO 30120 --- [nobsv2] [main] o.s.boot.tomcat.TomcatWebServer          : Tomcat initialized with port 8081 (http)
2026-09-29T13:38:47.273-04:00  INFO 30120 --- [nobsv2] [main] o.apache.catalina.core.StandardService   : Starting service [Tomcat]
2026-09-29T13:38:47.273-04:00  INFO 30120 --- [nobsv2] [main] o.apache.catalina.core.StandardEngine    : Starting Servlet engine: [Apache Tomcat/11.0.24]
2026-09-29T13:38:47.332-04:00  INFO 30120 --- [nobsv2] [main] b.w.c.s.WebApplicationContextInitializer : Root WebApplicationContext: initialization completed in 1151 ms
2026-09-29T13:38:47.496-04:00  INFO 30120 --- [nobsv2] [main] com.zaxxer.hikari.HikariDataSource       : HikariPool-1 - Starting...
2026-09-29T13:38:47.875-04:00  INFO 30120 --- [nobsv2] [main] com.zaxxer.hikari.pool.HikariPool        : HikariPool-1 - Added connection com.mysql.cj.jdbc.ConnectionImpl@5c5a91b4
2026-09-29T13:38:47.876-04:00  INFO 30120 --- [nobsv2] [main] com.zaxxer.hikari.HikariDataSource       : HikariPool-1 - Start completed.
2026-09-29T13:38:47.906-04:00  INFO 30120 --- [nobsv2] [main] org.hibernate.orm.jpa                    : HHH008540: Processing PersistenceUnitInfo [name: default]
2026-09-29T13:38:47.987-04:00  INFO 30120 --- [nobsv2] [main] org.hibernate.orm.core                   : HHH000001: Hibernate ORM core version 7.4.5.Final
2026-09-29T13:38:48.496-04:00  INFO 30120 --- [nobsv2] [main] o.s.o.j.p.SpringPersistenceUnitInfo      : No LoadTimeWeaver setup: ignoring JPA class transformer
2026-09-29T13:38:48.625-04:00  INFO 30120 --- [nobsv2] [main] org.hibernate.orm.connections.pooling    : HHH10001005: Database info:
	Database JDBC URL [jdbc:mysql://localhost:3306/nobsv2]
	Database driver: MySQL Connector/J
	Database dialect: MySQLDialect
	Database version: 8.0.34
	Default catalog/schema: nobsv2/undefined
	Autocommit mode: undefined/unknown
	Isolation level: REPEATABLE_READ [default REPEATABLE_READ]
	JDBC fetch size: none
	Pool: DataSourceConnectionProvider
	Minimum pool size: undefined/unknown
	Maximum pool size: undefined/unknown
2026-09-29T13:38:49.538-04:00  INFO 30120 --- [nobsv2] [main] org.hibernate.orm.core                   : HHH000489: No JTA platform available (set 'hibernate.transaction.jta.platform' to enable JTA platform integration)
2026-09-29T13:38:49.546-04:00  INFO 30120 --- [nobsv2] [main] j.LocalContainerEntityManagerFactoryBean : Initialized JPA EntityManagerFactory for persistence unit 'default'
2026-09-29T13:38:49.637-04:00  INFO 30120 --- [nobsv2] [main] o.s.d.j.r.query.QueryEnhancerFactories   : Hibernate is in classpath; If applicable, HQL parser will be used.
2026-09-29T13:38:50.357-04:00  WARN 30120 --- [nobsv2] [main] JpaBaseConfiguration$JpaWebConfiguration : spring.jpa.open-in-view is enabled by default. Therefore, database queries may be performed during view rendering. Explicitly configure spring.jpa.open-in-view to disable this warning
2026-09-29T13:38:50.758-04:00  INFO 30120 --- [nobsv2] [main] o.s.boot.tomcat.TomcatWebServer          : Tomcat started on port 8081 (http) with context path '/'
2026-09-29T13:38:50.763-04:00  INFO 30120 --- [nobsv2] [main] com.example.nobsv2.Nobsv2Application     : Started Nobsv2Application in 5.055 seconds (process running for 5.945)
2026-09-29T14:19:03.675-04:00  INFO 30120 --- [nobsv2] [RMI TCP Connection(42)-127.0.0.1] inMXBeanRegistrar$SpringApplicationAdmin : Application shutdown requested.
2026-09-29T14:19:04.089-04:00  INFO 30120 --- [nobsv2] [RMI TCP Connection(42)-127.0.0.1] o.s.boot.tomcat.GracefulShutdown         : Commencing graceful shutdown. Waiting for active requests to complete
2026-09-29T14:19:04.666-04:00  INFO 30120 --- [nobsv2] [tomcat-shutdown] o.s.boot.tomcat.GracefulShutdown         : Graceful shutdown complete
2026-09-29T14:19:04.884-04:00  INFO 30120 --- [nobsv2] [RMI TCP Connection(42)-127.0.0.1] j.LocalContainerEntityManagerFactoryBean : Closing JPA EntityManagerFactory for persistence unit 'default'
2026-09-29T14:19:05.036-04:00  INFO 30120 --- [nobsv2] [RMI TCP Connection(42)-127.0.0.1] com.zaxxer.hikari.HikariDataSource       : HikariPool-1 - Shutdown initiated...
2026-09-29T14:19:05.093-04:00  INFO 30120 --- [nobsv2] [RMI TCP Connection(42)-127.0.0.1] com.zaxxer.hikari.HikariDataSource       : HikariPool-1 - Shutdown completed.
2026-09-29T14:19:14.950-04:00  INFO 16164 --- [nobsv2] [main] com.example.nobsv2.Nobsv2Application     : Starting Nobsv2Application using Java 17.0.8.1 with PID 16164 (C:\Users\brand\eclipse-workspace\nobsv2\target\classes started by brand in C:\Users\brand\eclipse-workspace\nobsv2)
2026-09-29T14:19:14.953-04:00  INFO 16164 --- [nobsv2] [main] com.example.nobsv2.Nobsv2Application     : No active profile set, falling back to 1 default profile: "default"
2026-09-29T14:19:15.804-04:00  INFO 16164 --- [nobsv2] [main] .s.d.r.c.RepositoryConfigurationDelegate : Bootstrapping Spring Data JPA repositories in DEFAULT mode.
2026-09-29T14:19:15.862-04:00  INFO 16164 --- [nobsv2] [main] .s.d.r.c.RepositoryConfigurationDelegate : Finished Spring Data repository scanning in 47 ms. Found 2 JPA repository interfaces.
2026-09-29T14:19:16.398-04:00  INFO 16164 --- [nobsv2] [main] o.s.boot.tomcat.TomcatWebServer          : Tomcat initialized with port 8081 (http)
2026-09-29T14:19:16.411-04:00  INFO 16164 --- [nobsv2] [main] o.apache.catalina.core.StandardService   : Starting service [Tomcat]
2026-09-29T14:19:16.412-04:00  INFO 16164 --- [nobsv2] [main] o.apache.catalina.core.StandardEngine    : Starting Servlet engine: [Apache Tomcat/11.0.24]
2026-09-29T14:19:16.465-04:00  INFO 16164 --- [nobsv2] [main] b.w.c.s.WebApplicationContextInitializer : Root WebApplicationContext: initialization completed in 1467 ms
2026-09-29T14:19:16.623-04:00  INFO 16164 --- [nobsv2] [main] com.zaxxer.hikari.HikariDataSource       : HikariPool-1 - Starting...
2026-09-29T14:19:16.916-04:00  INFO 16164 --- [nobsv2] [main] com.zaxxer.hikari.pool.HikariPool        : HikariPool-1 - Added connection com.mysql.cj.jdbc.ConnectionImpl@426710f0
2026-09-29T14:19:16.919-04:00  INFO 16164 --- [nobsv2] [main] com.zaxxer.hikari.HikariDataSource       : HikariPool-1 - Start completed.
2026-09-29T14:19:16.948-04:00  INFO 16164 --- [nobsv2] [main] org.hibernate.orm.jpa                    : HHH008540: Processing PersistenceUnitInfo [name: default]
2026-09-29T14:19:17.021-04:00  INFO 16164 --- [nobsv2] [main] org.hibernate.orm.core                   : HHH000001: Hibernate ORM core version 7.4.5.Final
2026-09-29T14:19:17.547-04:00  INFO 16164 --- [nobsv2] [main] o.s.o.j.p.SpringPersistenceUnitInfo      : No LoadTimeWeaver setup: ignoring JPA class transformer
2026-09-29T14:19:17.666-04:00  INFO 16164 --- [nobsv2] [main] org.hibernate.orm.connections.pooling    : HHH10001005: Database info:
	Database JDBC URL [jdbc:mysql://localhost:3306/nobsv2]
	Database driver: MySQL Connector/J
	Database dialect: MySQLDialect
	Database version: 8.0.34
	Default catalog/schema: nobsv2/undefined
	Autocommit mode: undefined/unknown
	Isolation level: REPEATABLE_READ [default REPEATABLE_READ]
	JDBC fetch size: none
	Pool: DataSourceConnectionProvider
	Minimum pool size: undefined/unknown
	Maximum pool size: undefined/unknown
2026-09-29T14:19:18.609-04:00  INFO 16164 --- [nobsv2] [main] org.hibernate.orm.core                   : HHH000489: No JTA platform available (set 'hibernate.transaction.jta.platform' to enable JTA platform integration)
2026-09-29T14:19:18.618-04:00  INFO 16164 --- [nobsv2] [main] j.LocalContainerEntityManagerFactoryBean : Initialized JPA EntityManagerFactory for persistence unit 'default'
2026-09-29T14:19:18.706-04:00  INFO 16164 --- [nobsv2] [main] o.s.d.j.r.query.QueryEnhancerFactories   : Hibernate is in classpath; If applicable, HQL parser will be used.
2026-09-29T14:19:19.434-04:00  WARN 16164 --- [nobsv2] [main] JpaBaseConfiguration$JpaWebConfiguration : spring.jpa.open-in-view is enabled by default. Therefore, database queries may be performed during view rendering. Explicitly configure spring.jpa.open-in-view to disable this warning
2026-09-29T14:19:19.797-04:00  INFO 16164 --- [nobsv2] [main] o.s.boot.tomcat.TomcatWebServer          : Tomcat started on port 8081 (http) with context path '/'
2026-09-29T14:19:19.803-04:00  INFO 16164 --- [nobsv2] [main] com.example.nobsv2.Nobsv2Application     : Started Nobsv2Application in 5.287 seconds (process running for 6.047)
2026-09-29T14:19:38.859-04:00  INFO 16164 --- [nobsv2] [http-nio-8081-exec-3] o.a.c.c.C.[Tomcat].[localhost].[/]       : Initializing Spring DispatcherServlet 'dispatcherServlet'
2026-09-29T14:19:38.859-04:00  INFO 16164 --- [nobsv2] [http-nio-8081-exec-3] o.s.web.servlet.DispatcherServlet        : Initializing Servlet 'dispatcherServlet'
2026-09-29T14:19:38.861-04:00  INFO 16164 --- [nobsv2] [http-nio-8081-exec-3] o.s.web.servlet.DispatcherServlet        : Completed initialization in 2 ms
2026-09-29T14:19:38.910-04:00  INFO 16164 --- [nobsv2] [http-nio-8081-exec-3] c.e.n.p.services.GetProductService       : Executing class com.example.nobsv2.product.services.GetProductService input: 2
2026-09-29T14:20:03.863-04:00 ERROR 16164 --- [nobsv2] [http-nio-8081-exec-5] o.a.c.c.C.[.[.[/].[dispatcherServlet]    : Servlet.service() for servlet [dispatcherServlet] in context with path [] threw exception [Request processing failed: org.springframework.expression.spel.SpelEvaluationException: EL1008E: Property or field 'command' cannot be found on object of type 'org.springframework.cache.interceptor.CacheExpressionRootObject' - maybe not public or not valid?] with root cause

org.springframework.expression.spel.SpelEvaluationException: EL1008E: Property or field 'command' cannot be found on object of type 'org.springframework.cache.interceptor.CacheExpressionRootObject' - maybe not public or not valid?
	at org.springframework.expression.spel.ast.PropertyOrFieldReference.readProperty(PropertyOrFieldReference.java:281) ~[spring-expression-7.0.9.jar:7.0.9]
	at org.springframework.expression.spel.ast.PropertyOrFieldReference.getValueInternal(PropertyOrFieldReference.java:123) ~[spring-expression-7.0.9.jar:7.0.9]
	at org.springframework.expression.spel.ast.PropertyOrFieldReference.getValueInternal(PropertyOrFieldReference.java:111) ~[spring-expression-7.0.9.jar:7.0.9]
	at org.springframework.expression.spel.ast.CompoundExpression.getValueRef(CompoundExpression.java:60) ~[spring-expression-7.0.9.jar:7.0.9]
	at org.springframework.expression.spel.ast.CompoundExpression.getValueInternal(CompoundExpression.java:96) ~[spring-expression-7.0.9.jar:7.0.9]
	at org.springframework.expression.spel.ast.SpelNodeImpl.getValue(SpelNodeImpl.java:114) ~[spring-expression-7.0.9.jar:7.0.9]
	at org.springframework.expression.spel.standard.SpelExpression.getValue(SpelExpression.java:277) ~[spring-expression-7.0.9.jar:7.0.9]
	at org.springframework.cache.interceptor.CacheOperationExpressionEvaluator.key(CacheOperationExpressionEvaluator.java:106) ~[spring-context-7.0.9.jar:7.0.9]
	at org.springframework.cache.interceptor.CacheAspectSupport$CacheOperationContext.generateKey(CacheAspectSupport.java:952) ~[spring-context-7.0.9.jar:7.0.9]
	at org.springframework.cache.interceptor.CacheAspectSupport.generateKey(CacheAspectSupport.java:745) ~[spring-context-7.0.9.jar:7.0.9]
	at org.springframework.cache.interceptor.CacheAspectSupport.performCacheEvicts(CacheAspectSupport.java:701) ~[spring-context-7.0.9.jar:7.0.9]
	at org.springframework.cache.interceptor.CacheAspectSupport.processCacheEvicts(CacheAspectSupport.java:685) ~[spring-context-7.0.9.jar:7.0.9]
	at org.springframework.cache.interceptor.CacheAspectSupport.evaluate(CacheAspectSupport.java:613) ~[spring-context-7.0.9.jar:7.0.9]
	at org.springframework.cache.interceptor.CacheAspectSupport.execute(CacheAspectSupport.java:442) ~[spring-context-7.0.9.jar:7.0.9]
	at org.springframework.cache.interceptor.CacheAspectSupport.execute(CacheAspectSupport.java:406) ~[spring-context-7.0.9.jar:7.0.9]
	at org.springframework.cache.interceptor.CacheInterceptor.invoke(CacheInterceptor.java:64) ~[spring-context-7.0.9.jar:7.0.9]
	at org.springframework.aop.framework.ReflectiveMethodInvocation.proceed(ReflectiveMethodInvocation.java:179) ~[spring-aop-7.0.9.jar:7.0.9]
	at org.springframework.aop.framework.CglibAopProxy$DynamicAdvisedInterceptor.intercept(CglibAopProxy.java:719) ~[spring-aop-7.0.9.jar:7.0.9]
	at com.example.nobsv2.product.services.UpdateProductService$$SpringCGLIB$$0.execute(<generated>) ~[classes/:na]
	at com.example.nobsv2.product.ProductController.updateProduct(ProductController.java:84) ~[classes/:na]
	at java.base/jdk.internal.reflect.NativeMethodAccessorImpl.invoke0(Native Method) ~[na:na]
	at java.base/jdk.internal.reflect.NativeMethodAccessorImpl.invoke(NativeMethodAccessorImpl.java:77) ~[na:na]
	at java.base/jdk.internal.reflect.DelegatingMethodAccessorImpl.invoke(DelegatingMethodAccessorImpl.java:43) ~[na:na]
	at java.base/java.lang.reflect.Method.invoke(Method.java:568) ~[na:na]
	at org.springframework.web.method.support.InvocableHandlerMethod.doInvoke(InvocableHandlerMethod.java:252) ~[spring-web-7.0.9.jar:7.0.9]
	at org.springframework.web.method.support.InvocableHandlerMethod.invokeForRequest(InvocableHandlerMethod.java:184) ~[spring-web-7.0.9.jar:7.0.9]
	at org.springframework.web.servlet.mvc.method.annotation.ServletInvocableHandlerMethod.invokeAndHandle(ServletInvocableHandlerMethod.java:117) ~[spring-webmvc-7.0.9.jar:7.0.9]
	at org.springframework.web.servlet.mvc.method.annotation.RequestMappingHandlerAdapter.invokeHandlerMethod(RequestMappingHandlerAdapter.java:934) ~[spring-webmvc-7.0.9.jar:7.0.9]
	at org.springframework.web.servlet.mvc.method.annotation.RequestMappingHandlerAdapter.handleInternal(RequestMappingHandlerAdapter.java:853) ~[spring-webmvc-7.0.9.jar:7.0.9]
	at org.springframework.web.servlet.mvc.method.AbstractHandlerMethodAdapter.handle(AbstractHandlerMethodAdapter.java:86) ~[spring-webmvc-7.0.9.jar:7.0.9]
	at org.springframework.web.servlet.DispatcherServlet.doDispatch(DispatcherServlet.java:963) ~[spring-webmvc-7.0.9.jar:7.0.9]
	at org.springframework.web.servlet.DispatcherServlet.doService(DispatcherServlet.java:866) ~[spring-webmvc-7.0.9.jar:7.0.9]
	at org.springframework.web.servlet.FrameworkServlet.processRequest(FrameworkServlet.java:1000) ~[spring-webmvc-7.0.9.jar:7.0.9]
	at org.springframework.web.servlet.FrameworkServlet.doPut(FrameworkServlet.java:914) ~[spring-webmvc-7.0.9.jar:7.0.9]
	at jakarta.servlet.http.HttpServlet.service(HttpServlet.java:650) ~[tomcat-embed-core-11.0.24.jar:6.1]
	at org.springframework.web.servlet.FrameworkServlet.service(FrameworkServlet.java:874) ~[spring-webmvc-7.0.9.jar:7.0.9]
	at jakarta.servlet.http.HttpServlet.service(HttpServlet.java:710) ~[tomcat-embed-core-11.0.24.jar:6.1]
	at org.apache.catalina.core.ApplicationFilterChain.doFilter(ApplicationFilterChain.java:132) ~[tomcat-embed-core-11.0.24.jar:11.0.24]
	at org.apache.tomcat.websocket.server.WsFilter.doFilter(WsFilter.java:59) ~[tomcat-embed-websocket-11.0.24.jar:11.0.24]
	at org.apache.catalina.core.ApplicationFilterChain.doFilter(ApplicationFilterChain.java:111) ~[tomcat-embed-core-11.0.24.jar:11.0.24]
	at org.springframework.web.filter.RequestContextFilter.doFilterInternal(RequestContextFilter.java:100) ~[spring-web-7.0.9.jar:7.0.9]
	at org.springframework.web.filter.OncePerRequestFilter.doFilter(OncePerRequestFilter.java:116) ~[spring-web-7.0.9.jar:7.0.9]
	at org.apache.catalina.core.ApplicationFilterChain.doFilter(ApplicationFilterChain.java:111) ~[tomcat-embed-core-11.0.24.jar:11.0.24]
	at org.springframework.web.filter.FormContentFilter.doFilterInternal(FormContentFilter.java:93) ~[spring-web-7.0.9.jar:7.0.9]
	at org.springframework.web.filter.OncePerRequestFilter.doFilter(OncePerRequestFilter.java:116) ~[spring-web-7.0.9.jar:7.0.9]
	at org.apache.catalina.core.ApplicationFilterChain.doFilter(ApplicationFilterChain.java:111) ~[tomcat-embed-core-11.0.24.jar:11.0.24]
	at org.springframework.web.filter.CharacterEncodingFilter.doFilterInternal(CharacterEncodingFilter.java:199) ~[spring-web-7.0.9.jar:7.0.9]
	at org.springframework.web.filter.OncePerRequestFilter.doFilter(OncePerRequestFilter.java:116) ~[spring-web-7.0.9.jar:7.0.9]
	at org.apache.catalina.core.ApplicationFilterChain.doFilter(ApplicationFilterChain.java:111) ~[tomcat-embed-core-11.0.24.jar:11.0.24]
	at org.apache.catalina.core.StandardWrapperValve.invoke(StandardWrapperValve.java:165) ~[tomcat-embed-core-11.0.24.jar:11.0.24]
	at org.apache.catalina.core.StandardContextValve.invoke(StandardContextValve.java:77) ~[tomcat-embed-core-11.0.24.jar:11.0.24]
	at org.apache.catalina.authenticator.AuthenticatorBase.invoke(AuthenticatorBase.java:535) ~[tomcat-embed-core-11.0.24.jar:11.0.24]
	at org.apache.catalina.core.StandardHostValve.invoke(StandardHostValve.java:115) ~[tomcat-embed-core-11.0.24.jar:11.0.24]
	at org.apache.catalina.valves.ErrorReportValve.invoke(ErrorReportValve.java:86) ~[tomcat-embed-core-11.0.24.jar:11.0.24]
	at org.apache.catalina.core.StandardEngineValve.invoke(StandardEngineValve.java:71) ~[tomcat-embed-core-11.0.24.jar:11.0.24]
	at org.apache.catalina.connector.CoyoteAdapter.service(CoyoteAdapter.java:347) ~[tomcat-embed-core-11.0.24.jar:11.0.24]
	at org.apache.coyote.http11.Http11Processor.service(Http11Processor.java:406) ~[tomcat-embed-core-11.0.24.jar:11.0.24]
	at org.apache.coyote.AbstractProcessorLight.process(AbstractProcessorLight.java:71) ~[tomcat-embed-core-11.0.24.jar:11.0.24]
	at org.apache.coyote.AbstractProtocol$ConnectionHandler.process(AbstractProtocol.java:1307) ~[tomcat-embed-core-11.0.24.jar:11.0.24]
	at org.apache.tomcat.util.net.NioEndpoint$SocketProcessor.doRun(NioEndpoint.java:2036) ~[tomcat-embed-core-11.0.24.jar:11.0.24]
	at org.apache.tomcat.util.net.SocketProcessorBase.run(SocketProcessorBase.java:74) ~[tomcat-embed-core-11.0.24.jar:11.0.24]
	at org.apache.tomcat.util.threads.ThreadPoolExecutor.runWorker(ThreadPoolExecutor.java:949) ~[tomcat-embed-core-11.0.24.jar:11.0.24]
	at org.apache.tomcat.util.threads.ThreadPoolExecutor$Worker.run(ThreadPoolExecutor.java:483) ~[tomcat-embed-core-11.0.24.jar:11.0.24]
	at org.apache.tomcat.util.threads.TaskThread$WrappingRunnable.run(TaskThread.java:74) ~[tomcat-embed-core-11.0.24.jar:11.0.24]
	at java.base/java.lang.Thread.run(Thread.java:833) ~[na:na]

2026-09-29T14:21:28.089-04:00  INFO 16164 --- [nobsv2] [RMI TCP Connection(5)-127.0.0.1] inMXBeanRegistrar$SpringApplicationAdmin : Application shutdown requested.
2026-09-29T14:21:28.472-04:00  INFO 16164 --- [nobsv2] [RMI TCP Connection(5)-127.0.0.1] o.s.boot.tomcat.GracefulShutdown         : Commencing graceful shutdown. Waiting for active requests to complete
2026-09-29T14:21:31.198-04:00  INFO 16164 --- [nobsv2] [tomcat-shutdown] o.s.boot.tomcat.GracefulShutdown         : Graceful shutdown complete
2026-09-29T14:21:32.042-04:00  INFO 16164 --- [nobsv2] [RMI TCP Connection(5)-127.0.0.1] j.LocalContainerEntityManagerFactoryBean : Closing JPA EntityManagerFactory for persistence unit 'default'
2026-09-29T14:21:32.862-04:00  INFO 16164 --- [nobsv2] [RMI TCP Connection(5)-127.0.0.1] com.zaxxer.hikari.HikariDataSource       : HikariPool-1 - Shutdown initiated...
2026-09-29T14:21:34.196-04:00  INFO 16164 --- [nobsv2] [RMI TCP Connection(5)-127.0.0.1] com.zaxxer.hikari.HikariDataSource       : HikariPool-1 - Shutdown completed.
2026-09-29T14:21:44.923-04:00  INFO 19664 --- [nobsv2] [main] com.example.nobsv2.Nobsv2Application     : Starting Nobsv2Application using Java 17.0.8.1 with PID 19664 (C:\Users\brand\eclipse-workspace\nobsv2\target\classes started by brand in C:\Users\brand\eclipse-workspace\nobsv2)
2026-09-29T14:21:44.923-04:00  INFO 31668 --- [nobsv2] [main] com.example.nobsv2.Nobsv2Application     : Starting Nobsv2Application using Java 17.0.8.1 with PID 31668 (C:\Users\brand\eclipse-workspace\nobsv2\target\classes started by brand in C:\Users\brand\eclipse-workspace\nobsv2)
2026-09-29T14:21:44.928-04:00  INFO 31668 --- [nobsv2] [main] com.example.nobsv2.Nobsv2Application     : No active profile set, falling back to 1 default profile: "default"
2026-09-29T14:21:44.928-04:00  INFO 19664 --- [nobsv2] [main] com.example.nobsv2.Nobsv2Application     : No active profile set, falling back to 1 default profile: "default"
2026-09-29T14:21:45.893-04:00  INFO 19664 --- [nobsv2] [main] .s.d.r.c.RepositoryConfigurationDelegate : Bootstrapping Spring Data JPA repositories in DEFAULT mode.
2026-09-29T14:21:45.893-04:00  INFO 31668 --- [nobsv2] [main] .s.d.r.c.RepositoryConfigurationDelegate : Bootstrapping Spring Data JPA repositories in DEFAULT mode.
2026-09-29T14:21:45.958-04:00  INFO 31668 --- [nobsv2] [main] .s.d.r.c.RepositoryConfigurationDelegate : Finished Spring Data repository scanning in 50 ms. Found 2 JPA repository interfaces.
2026-09-29T14:21:45.960-04:00  INFO 19664 --- [nobsv2] [main] .s.d.r.c.RepositoryConfigurationDelegate : Finished Spring Data repository scanning in 54 ms. Found 2 JPA repository interfaces.
2026-09-29T14:21:46.534-04:00  INFO 19664 --- [nobsv2] [main] o.s.boot.tomcat.TomcatWebServer          : Tomcat initialized with port 8081 (http)
2026-09-29T14:21:46.534-04:00  INFO 31668 --- [nobsv2] [main] o.s.boot.tomcat.TomcatWebServer          : Tomcat initialized with port 8081 (http)
2026-09-29T14:21:46.549-04:00  INFO 19664 --- [nobsv2] [main] o.apache.catalina.core.StandardService   : Starting service [Tomcat]
2026-09-29T14:21:46.549-04:00  INFO 31668 --- [nobsv2] [main] o.apache.catalina.core.StandardService   : Starting service [Tomcat]
2026-09-29T14:21:46.550-04:00  INFO 19664 --- [nobsv2] [main] o.apache.catalina.core.StandardEngine    : Starting Servlet engine: [Apache Tomcat/11.0.24]
2026-09-29T14:21:46.550-04:00  INFO 31668 --- [nobsv2] [main] o.apache.catalina.core.StandardEngine    : Starting Servlet engine: [Apache Tomcat/11.0.24]
2026-09-29T14:21:46.618-04:00  INFO 31668 --- [nobsv2] [main] b.w.c.s.WebApplicationContextInitializer : Root WebApplicationContext: initialization completed in 1628 ms
2026-09-29T14:21:46.618-04:00  INFO 19664 --- [nobsv2] [main] b.w.c.s.WebApplicationContextInitializer : Root WebApplicationContext: initialization completed in 1633 ms
2026-09-29T14:21:46.821-04:00  INFO 19664 --- [nobsv2] [main] com.zaxxer.hikari.HikariDataSource       : HikariPool-1 - Starting...
2026-09-29T14:21:46.821-04:00  INFO 31668 --- [nobsv2] [main] com.zaxxer.hikari.HikariDataSource       : HikariPool-1 - Starting...
2026-09-29T14:21:47.235-04:00  INFO 19664 --- [nobsv2] [main] com.zaxxer.hikari.pool.HikariPool        : HikariPool-1 - Added connection com.mysql.cj.jdbc.ConnectionImpl@426710f0
2026-09-29T14:21:47.235-04:00  INFO 31668 --- [nobsv2] [main] com.zaxxer.hikari.pool.HikariPool        : HikariPool-1 - Added connection com.mysql.cj.jdbc.ConnectionImpl@426710f0
2026-09-29T14:21:47.237-04:00  INFO 19664 --- [nobsv2] [main] com.zaxxer.hikari.HikariDataSource       : HikariPool-1 - Start completed.
2026-09-29T14:21:47.237-04:00  INFO 31668 --- [nobsv2] [main] com.zaxxer.hikari.HikariDataSource       : HikariPool-1 - Start completed.
2026-09-29T14:21:47.269-04:00  INFO 31668 --- [nobsv2] [main] org.hibernate.orm.jpa                    : HHH008540: Processing PersistenceUnitInfo [name: default]
2026-09-29T14:21:47.270-04:00  INFO 19664 --- [nobsv2] [main] org.hibernate.orm.jpa                    : HHH008540: Processing PersistenceUnitInfo [name: default]
2026-09-29T14:21:47.357-04:00  INFO 31668 --- [nobsv2] [main] org.hibernate.orm.core                   : HHH000001: Hibernate ORM core version 7.4.5.Final
2026-09-29T14:21:47.358-04:00  INFO 19664 --- [nobsv2] [main] org.hibernate.orm.core                   : HHH000001: Hibernate ORM core version 7.4.5.Final
2026-09-29T14:21:48.004-04:00  INFO 19664 --- [nobsv2] [main] o.s.o.j.p.SpringPersistenceUnitInfo      : No LoadTimeWeaver setup: ignoring JPA class transformer
2026-09-29T14:21:48.005-04:00  INFO 31668 --- [nobsv2] [main] o.s.o.j.p.SpringPersistenceUnitInfo      : No LoadTimeWeaver setup: ignoring JPA class transformer
2026-09-29T14:21:48.184-04:00  INFO 31668 --- [nobsv2] [main] org.hibernate.orm.connections.pooling    : HHH10001005: Database info:
	Database JDBC URL [jdbc:mysql://localhost:3306/nobsv2]
	Database driver: MySQL Connector/J
	Database dialect: MySQLDialect
	Database version: 8.0.34
	Default catalog/schema: nobsv2/undefined
	Autocommit mode: undefined/unknown
	Isolation level: REPEATABLE_READ [default REPEATABLE_READ]
	JDBC fetch size: none
	Pool: DataSourceConnectionProvider
	Minimum pool size: undefined/unknown
	Maximum pool size: undefined/unknown
2026-09-29T14:21:48.184-04:00  INFO 19664 --- [nobsv2] [main] org.hibernate.orm.connections.pooling    : HHH10001005: Database info:
	Database JDBC URL [jdbc:mysql://localhost:3306/nobsv2]
	Database driver: MySQL Connector/J
	Database dialect: MySQLDialect
	Database version: 8.0.34
	Default catalog/schema: nobsv2/undefined
	Autocommit mode: undefined/unknown
	Isolation level: REPEATABLE_READ [default REPEATABLE_READ]
	JDBC fetch size: none
	Pool: DataSourceConnectionProvider
	Minimum pool size: undefined/unknown
	Maximum pool size: undefined/unknown
2026-09-29T14:21:49.413-04:00  INFO 31668 --- [nobsv2] [main] org.hibernate.orm.core                   : HHH000489: No JTA platform available (set 'hibernate.transaction.jta.platform' to enable JTA platform integration)
2026-09-29T14:21:49.413-04:00  INFO 19664 --- [nobsv2] [main] org.hibernate.orm.core                   : HHH000489: No JTA platform available (set 'hibernate.transaction.jta.platform' to enable JTA platform integration)
2026-09-29T14:21:49.423-04:00  INFO 19664 --- [nobsv2] [main] j.LocalContainerEntityManagerFactoryBean : Initialized JPA EntityManagerFactory for persistence unit 'default'
2026-09-29T14:21:49.423-04:00  INFO 31668 --- [nobsv2] [main] j.LocalContainerEntityManagerFactoryBean : Initialized JPA EntityManagerFactory for persistence unit 'default'
2026-09-29T14:21:49.520-04:00  INFO 19664 --- [nobsv2] [main] o.s.d.j.r.query.QueryEnhancerFactories   : Hibernate is in classpath; If applicable, HQL parser will be used.
2026-09-29T14:21:49.520-04:00  INFO 31668 --- [nobsv2] [main] o.s.d.j.r.query.QueryEnhancerFactories   : Hibernate is in classpath; If applicable, HQL parser will be used.
2026-09-29T14:21:50.498-04:00  WARN 31668 --- [nobsv2] [main] JpaBaseConfiguration$JpaWebConfiguration : spring.jpa.open-in-view is enabled by default. Therefore, database queries may be performed during view rendering. Explicitly configure spring.jpa.open-in-view to disable this warning
2026-09-29T14:21:50.498-04:00  WARN 19664 --- [nobsv2] [main] JpaBaseConfiguration$JpaWebConfiguration : spring.jpa.open-in-view is enabled by default. Therefore, database queries may be performed during view rendering. Explicitly configure spring.jpa.open-in-view to disable this warning
2026-09-29T14:21:51.114-04:00  WARN 19664 --- [nobsv2] [main] ConfigServletWebServerApplicationContext : Exception encountered during context initialization - cancelling refresh attempt: org.springframework.context.ApplicationContextException: Failed to start bean 'webServerStartStop'
2026-09-29T14:21:51.116-04:00  INFO 19664 --- [nobsv2] [main] j.LocalContainerEntityManagerFactoryBean : Closing JPA EntityManagerFactory for persistence unit 'default'
2026-09-29T14:21:51.119-04:00  INFO 19664 --- [nobsv2] [main] com.zaxxer.hikari.HikariDataSource       : HikariPool-1 - Shutdown initiated...
2026-09-29T14:21:51.132-04:00  INFO 19664 --- [nobsv2] [main] com.zaxxer.hikari.HikariDataSource       : HikariPool-1 - Shutdown completed.
2026-09-29T14:21:51.135-04:00  INFO 31668 --- [nobsv2] [main] o.s.boot.tomcat.TomcatWebServer          : Tomcat started on port 8081 (http) with context path '/'
2026-09-29T14:21:51.146-04:00  INFO 31668 --- [nobsv2] [main] com.example.nobsv2.Nobsv2Application     : Started Nobsv2Application in 6.772 seconds (process running for 7.686)
2026-09-29T14:21:51.154-04:00  INFO 19664 --- [nobsv2] [main] .s.b.a.l.ConditionEvaluationReportLogger : 

Error starting ApplicationContext. To display the condition evaluation report re-run your application with 'debug' enabled.
2026-09-29T14:21:51.168-04:00 ERROR 19664 --- [nobsv2] [main] o.s.b.d.LoggingFailureAnalysisReporter   : 

***************************
APPLICATION FAILED TO START
***************************

Description:

Web server failed to start. Port 8081 was already in use.

Action:

Identify and stop the process that's listening on port 8081 or configure this application to listen on another port.

2026-09-29T14:22:00.646-04:00  INFO 31668 --- [nobsv2] [http-nio-8081-exec-2] o.a.c.c.C.[Tomcat].[localhost].[/]       : Initializing Spring DispatcherServlet 'dispatcherServlet'
2026-09-29T14:22:00.647-04:00  INFO 31668 --- [nobsv2] [http-nio-8081-exec-2] o.s.web.servlet.DispatcherServlet        : Initializing Servlet 'dispatcherServlet'
2026-09-29T14:22:00.650-04:00  INFO 31668 --- [nobsv2] [http-nio-8081-exec-2] o.s.web.servlet.DispatcherServlet        : Completed initialization in 3 ms
2026-09-29T14:22:00.712-04:00  INFO 31668 --- [nobsv2] [http-nio-8081-exec-2] c.e.n.p.services.GetProductService       : Executing class com.example.nobsv2.product.services.GetProductService input: 2
2026-09-29T14:22:21.665-04:00 ERROR 31668 --- [nobsv2] [http-nio-8081-exec-3] o.a.c.c.C.[.[.[/].[dispatcherServlet]    : Servlet.service() for servlet [dispatcherServlet] in context with path [] threw exception [Request processing failed: org.springframework.expression.spel.SpelEvaluationException: EL1011E: Method call: Attempted to call method getId() on null context object] with root cause

org.springframework.expression.spel.SpelEvaluationException: EL1011E: Method call: Attempted to call method getId() on null context object
	at org.springframework.expression.spel.ast.MethodReference.nullTargetException(MethodReference.java:237) ~[spring-expression-7.0.9.jar:7.0.9]
	at org.springframework.expression.spel.ast.MethodReference.getValueRef(MethodReference.java:111) ~[spring-expression-7.0.9.jar:7.0.9]
	at org.springframework.expression.spel.ast.CompoundExpression.getValueRef(CompoundExpression.java:75) ~[spring-expression-7.0.9.jar:7.0.9]
	at org.springframework.expression.spel.ast.CompoundExpression.getValueInternal(CompoundExpression.java:96) ~[spring-expression-7.0.9.jar:7.0.9]
	at org.springframework.expression.spel.ast.SpelNodeImpl.getValue(SpelNodeImpl.java:114) ~[spring-expression-7.0.9.jar:7.0.9]
	at org.springframework.expression.spel.standard.SpelExpression.getValue(SpelExpression.java:277) ~[spring-expression-7.0.9.jar:7.0.9]
	at org.springframework.cache.interceptor.CacheOperationExpressionEvaluator.key(CacheOperationExpressionEvaluator.java:106) ~[spring-context-7.0.9.jar:7.0.9]
	at org.springframework.cache.interceptor.CacheAspectSupport$CacheOperationContext.generateKey(CacheAspectSupport.java:952) ~[spring-context-7.0.9.jar:7.0.9]
	at org.springframework.cache.interceptor.CacheAspectSupport.generateKey(CacheAspectSupport.java:745) ~[spring-context-7.0.9.jar:7.0.9]
	at org.springframework.cache.interceptor.CacheAspectSupport.performCacheEvicts(CacheAspectSupport.java:701) ~[spring-context-7.0.9.jar:7.0.9]
	at org.springframework.cache.interceptor.CacheAspectSupport.processCacheEvicts(CacheAspectSupport.java:685) ~[spring-context-7.0.9.jar:7.0.9]
	at org.springframework.cache.interceptor.CacheAspectSupport.evaluate(CacheAspectSupport.java:613) ~[spring-context-7.0.9.jar:7.0.9]
	at org.springframework.cache.interceptor.CacheAspectSupport.execute(CacheAspectSupport.java:442) ~[spring-context-7.0.9.jar:7.0.9]
	at org.springframework.cache.interceptor.CacheAspectSupport.execute(CacheAspectSupport.java:406) ~[spring-context-7.0.9.jar:7.0.9]
	at org.springframework.cache.interceptor.CacheInterceptor.invoke(CacheInterceptor.java:64) ~[spring-context-7.0.9.jar:7.0.9]
	at org.springframework.aop.framework.ReflectiveMethodInvocation.proceed(ReflectiveMethodInvocation.java:179) ~[spring-aop-7.0.9.jar:7.0.9]
	at org.springframework.aop.framework.CglibAopProxy$DynamicAdvisedInterceptor.intercept(CglibAopProxy.java:719) ~[spring-aop-7.0.9.jar:7.0.9]
	at com.example.nobsv2.product.services.UpdateProductService$$SpringCGLIB$$0.execute(<generated>) ~[classes/:na]
	at com.example.nobsv2.product.ProductController.updateProduct(ProductController.java:84) ~[classes/:na]
	at java.base/jdk.internal.reflect.NativeMethodAccessorImpl.invoke0(Native Method) ~[na:na]
	at java.base/jdk.internal.reflect.NativeMethodAccessorImpl.invoke(NativeMethodAccessorImpl.java:77) ~[na:na]
	at java.base/jdk.internal.reflect.DelegatingMethodAccessorImpl.invoke(DelegatingMethodAccessorImpl.java:43) ~[na:na]
	at java.base/java.lang.reflect.Method.invoke(Method.java:568) ~[na:na]
	at org.springframework.web.method.support.InvocableHandlerMethod.doInvoke(InvocableHandlerMethod.java:252) ~[spring-web-7.0.9.jar:7.0.9]
	at org.springframework.web.method.support.InvocableHandlerMethod.invokeForRequest(InvocableHandlerMethod.java:184) ~[spring-web-7.0.9.jar:7.0.9]
	at org.springframework.web.servlet.mvc.method.annotation.ServletInvocableHandlerMethod.invokeAndHandle(ServletInvocableHandlerMethod.java:117) ~[spring-webmvc-7.0.9.jar:7.0.9]
	at org.springframework.web.servlet.mvc.method.annotation.RequestMappingHandlerAdapter.invokeHandlerMethod(RequestMappingHandlerAdapter.java:934) ~[spring-webmvc-7.0.9.jar:7.0.9]
	at org.springframework.web.servlet.mvc.method.annotation.RequestMappingHandlerAdapter.handleInternal(RequestMappingHandlerAdapter.java:853) ~[spring-webmvc-7.0.9.jar:7.0.9]
	at org.springframework.web.servlet.mvc.method.AbstractHandlerMethodAdapter.handle(AbstractHandlerMethodAdapter.java:86) ~[spring-webmvc-7.0.9.jar:7.0.9]
	at org.springframework.web.servlet.DispatcherServlet.doDispatch(DispatcherServlet.java:963) ~[spring-webmvc-7.0.9.jar:7.0.9]
	at org.springframework.web.servlet.DispatcherServlet.doService(DispatcherServlet.java:866) ~[spring-webmvc-7.0.9.jar:7.0.9]
	at org.springframework.web.servlet.FrameworkServlet.processRequest(FrameworkServlet.java:1000) ~[spring-webmvc-7.0.9.jar:7.0.9]
	at org.springframework.web.servlet.FrameworkServlet.doPut(FrameworkServlet.java:914) ~[spring-webmvc-7.0.9.jar:7.0.9]
	at jakarta.servlet.http.HttpServlet.service(HttpServlet.java:650) ~[tomcat-embed-core-11.0.24.jar:6.1]
	at org.springframework.web.servlet.FrameworkServlet.service(FrameworkServlet.java:874) ~[spring-webmvc-7.0.9.jar:7.0.9]
	at jakarta.servlet.http.HttpServlet.service(HttpServlet.java:710) ~[tomcat-embed-core-11.0.24.jar:6.1]
	at org.apache.catalina.core.ApplicationFilterChain.doFilter(ApplicationFilterChain.java:132) ~[tomcat-embed-core-11.0.24.jar:11.0.24]
	at org.apache.tomcat.websocket.server.WsFilter.doFilter(WsFilter.java:59) ~[tomcat-embed-websocket-11.0.24.jar:11.0.24]
	at org.apache.catalina.core.ApplicationFilterChain.doFilter(ApplicationFilterChain.java:111) ~[tomcat-embed-core-11.0.24.jar:11.0.24]
	at org.springframework.web.filter.RequestContextFilter.doFilterInternal(RequestContextFilter.java:100) ~[spring-web-7.0.9.jar:7.0.9]
	at org.springframework.web.filter.OncePerRequestFilter.doFilter(OncePerRequestFilter.java:116) ~[spring-web-7.0.9.jar:7.0.9]
	at org.apache.catalina.core.ApplicationFilterChain.doFilter(ApplicationFilterChain.java:111) ~[tomcat-embed-core-11.0.24.jar:11.0.24]
	at org.springframework.web.filter.FormContentFilter.doFilterInternal(FormContentFilter.java:93) ~[spring-web-7.0.9.jar:7.0.9]
	at org.springframework.web.filter.OncePerRequestFilter.doFilter(OncePerRequestFilter.java:116) ~[spring-web-7.0.9.jar:7.0.9]
	at org.apache.catalina.core.ApplicationFilterChain.doFilter(ApplicationFilterChain.java:111) ~[tomcat-embed-core-11.0.24.jar:11.0.24]
	at org.springframework.web.filter.CharacterEncodingFilter.doFilterInternal(CharacterEncodingFilter.java:199) ~[spring-web-7.0.9.jar:7.0.9]
	at org.springframework.web.filter.OncePerRequestFilter.doFilter(OncePerRequestFilter.java:116) ~[spring-web-7.0.9.jar:7.0.9]
	at org.apache.catalina.core.ApplicationFilterChain.doFilter(ApplicationFilterChain.java:111) ~[tomcat-embed-core-11.0.24.jar:11.0.24]
	at org.apache.catalina.core.StandardWrapperValve.invoke(StandardWrapperValve.java:165) ~[tomcat-embed-core-11.0.24.jar:11.0.24]
	at org.apache.catalina.core.StandardContextValve.invoke(StandardContextValve.java:77) ~[tomcat-embed-core-11.0.24.jar:11.0.24]
	at org.apache.catalina.authenticator.AuthenticatorBase.invoke(AuthenticatorBase.java:535) ~[tomcat-embed-core-11.0.24.jar:11.0.24]
	at org.apache.catalina.core.StandardHostValve.invoke(StandardHostValve.java:115) ~[tomcat-embed-core-11.0.24.jar:11.0.24]
	at org.apache.catalina.valves.ErrorReportValve.invoke(ErrorReportValve.java:86) ~[tomcat-embed-core-11.0.24.jar:11.0.24]
	at org.apache.catalina.core.StandardEngineValve.invoke(StandardEngineValve.java:71) ~[tomcat-embed-core-11.0.24.jar:11.0.24]
	at org.apache.catalina.connector.CoyoteAdapter.service(CoyoteAdapter.java:347) ~[tomcat-embed-core-11.0.24.jar:11.0.24]
	at org.apache.coyote.http11.Http11Processor.service(Http11Processor.java:406) ~[tomcat-embed-core-11.0.24.jar:11.0.24]
	at org.apache.coyote.AbstractProcessorLight.process(AbstractProcessorLight.java:71) ~[tomcat-embed-core-11.0.24.jar:11.0.24]
	at org.apache.coyote.AbstractProtocol$ConnectionHandler.process(AbstractProtocol.java:1307) ~[tomcat-embed-core-11.0.24.jar:11.0.24]
	at org.apache.tomcat.util.net.NioEndpoint$SocketProcessor.doRun(NioEndpoint.java:2036) ~[tomcat-embed-core-11.0.24.jar:11.0.24]
	at org.apache.tomcat.util.net.SocketProcessorBase.run(SocketProcessorBase.java:74) ~[tomcat-embed-core-11.0.24.jar:11.0.24]
	at org.apache.tomcat.util.threads.ThreadPoolExecutor.runWorker(ThreadPoolExecutor.java:949) ~[tomcat-embed-core-11.0.24.jar:11.0.24]
	at org.apache.tomcat.util.threads.ThreadPoolExecutor$Worker.run(ThreadPoolExecutor.java:483) ~[tomcat-embed-core-11.0.24.jar:11.0.24]
	at org.apache.tomcat.util.threads.TaskThread$WrappingRunnable.run(TaskThread.java:74) ~[tomcat-embed-core-11.0.24.jar:11.0.24]
	at java.base/java.lang.Thread.run(Thread.java:833) ~[na:na]

2026-09-29T14:23:47.304-04:00 ERROR 31668 --- [nobsv2] [http-nio-8081-exec-6] o.a.c.c.C.[.[.[/].[dispatcherServlet]    : Servlet.service() for servlet [dispatcherServlet] in context with path [] threw exception [Request processing failed: org.springframework.expression.spel.SpelEvaluationException: EL1011E: Method call: Attempted to call method getId() on null context object] with root cause

org.springframework.expression.spel.SpelEvaluationException: EL1011E: Method call: Attempted to call method getId() on null context object
	at org.springframework.expression.spel.ast.MethodReference.nullTargetException(MethodReference.java:237) ~[spring-expression-7.0.9.jar:7.0.9]
	at org.springframework.expression.spel.ast.MethodReference.getValueRef(MethodReference.java:111) ~[spring-expression-7.0.9.jar:7.0.9]
	at org.springframework.expression.spel.ast.CompoundExpression.getValueRef(CompoundExpression.java:75) ~[spring-expression-7.0.9.jar:7.0.9]
	at org.springframework.expression.spel.ast.CompoundExpression.getValueInternal(CompoundExpression.java:96) ~[spring-expression-7.0.9.jar:7.0.9]
	at org.springframework.expression.spel.ast.SpelNodeImpl.getValue(SpelNodeImpl.java:114) ~[spring-expression-7.0.9.jar:7.0.9]
	at org.springframework.expression.spel.standard.SpelExpression.getValue(SpelExpression.java:277) ~[spring-expression-7.0.9.jar:7.0.9]
	at org.springframework.cache.interceptor.CacheOperationExpressionEvaluator.key(CacheOperationExpressionEvaluator.java:106) ~[spring-context-7.0.9.jar:7.0.9]
	at org.springframework.cache.interceptor.CacheAspectSupport$CacheOperationContext.generateKey(CacheAspectSupport.java:952) ~[spring-context-7.0.9.jar:7.0.9]
	at org.springframework.cache.interceptor.CacheAspectSupport.generateKey(CacheAspectSupport.java:745) ~[spring-context-7.0.9.jar:7.0.9]
	at org.springframework.cache.interceptor.CacheAspectSupport.performCacheEvicts(CacheAspectSupport.java:701) ~[spring-context-7.0.9.jar:7.0.9]
	at org.springframework.cache.interceptor.CacheAspectSupport.processCacheEvicts(CacheAspectSupport.java:685) ~[spring-context-7.0.9.jar:7.0.9]
	at org.springframework.cache.interceptor.CacheAspectSupport.evaluate(CacheAspectSupport.java:613) ~[spring-context-7.0.9.jar:7.0.9]
	at org.springframework.cache.interceptor.CacheAspectSupport.execute(CacheAspectSupport.java:442) ~[spring-context-7.0.9.jar:7.0.9]
	at org.springframework.cache.interceptor.CacheAspectSupport.execute(CacheAspectSupport.java:406) ~[spring-context-7.0.9.jar:7.0.9]
	at org.springframework.cache.interceptor.CacheInterceptor.invoke(CacheInterceptor.java:64) ~[spring-context-7.0.9.jar:7.0.9]
	at org.springframework.aop.framework.ReflectiveMethodInvocation.proceed(ReflectiveMethodInvocation.java:179) ~[spring-aop-7.0.9.jar:7.0.9]
	at org.springframework.aop.framework.CglibAopProxy$DynamicAdvisedInterceptor.intercept(CglibAopProxy.java:719) ~[spring-aop-7.0.9.jar:7.0.9]
	at com.example.nobsv2.product.services.UpdateProductService$$SpringCGLIB$$0.execute(<generated>) ~[classes/:na]
	at com.example.nobsv2.product.ProductController.updateProduct(ProductController.java:84) ~[classes/:na]
	at java.base/jdk.internal.reflect.NativeMethodAccessorImpl.invoke0(Native Method) ~[na:na]
	at java.base/jdk.internal.reflect.NativeMethodAccessorImpl.invoke(NativeMethodAccessorImpl.java:77) ~[na:na]
	at java.base/jdk.internal.reflect.DelegatingMethodAccessorImpl.invoke(DelegatingMethodAccessorImpl.java:43) ~[na:na]
	at java.base/java.lang.reflect.Method.invoke(Method.java:568) ~[na:na]
	at org.springframework.web.method.support.InvocableHandlerMethod.doInvoke(InvocableHandlerMethod.java:252) ~[spring-web-7.0.9.jar:7.0.9]
	at org.springframework.web.method.support.InvocableHandlerMethod.invokeForRequest(InvocableHandlerMethod.java:184) ~[spring-web-7.0.9.jar:7.0.9]
	at org.springframework.web.servlet.mvc.method.annotation.ServletInvocableHandlerMethod.invokeAndHandle(ServletInvocableHandlerMethod.java:117) ~[spring-webmvc-7.0.9.jar:7.0.9]
	at org.springframework.web.servlet.mvc.method.annotation.RequestMappingHandlerAdapter.invokeHandlerMethod(RequestMappingHandlerAdapter.java:934) ~[spring-webmvc-7.0.9.jar:7.0.9]
	at org.springframework.web.servlet.mvc.method.annotation.RequestMappingHandlerAdapter.handleInternal(RequestMappingHandlerAdapter.java:853) ~[spring-webmvc-7.0.9.jar:7.0.9]
	at org.springframework.web.servlet.mvc.method.AbstractHandlerMethodAdapter.handle(AbstractHandlerMethodAdapter.java:86) ~[spring-webmvc-7.0.9.jar:7.0.9]
	at org.springframework.web.servlet.DispatcherServlet.doDispatch(DispatcherServlet.java:963) ~[spring-webmvc-7.0.9.jar:7.0.9]
	at org.springframework.web.servlet.DispatcherServlet.doService(DispatcherServlet.java:866) ~[spring-webmvc-7.0.9.jar:7.0.9]
	at org.springframework.web.servlet.FrameworkServlet.processRequest(FrameworkServlet.java:1000) ~[spring-webmvc-7.0.9.jar:7.0.9]
	at org.springframework.web.servlet.FrameworkServlet.doPut(FrameworkServlet.java:914) ~[spring-webmvc-7.0.9.jar:7.0.9]
	at jakarta.servlet.http.HttpServlet.service(HttpServlet.java:650) ~[tomcat-embed-core-11.0.24.jar:6.1]
	at org.springframework.web.servlet.FrameworkServlet.service(FrameworkServlet.java:874) ~[spring-webmvc-7.0.9.jar:7.0.9]
	at jakarta.servlet.http.HttpServlet.service(HttpServlet.java:710) ~[tomcat-embed-core-11.0.24.jar:6.1]
	at org.apache.catalina.core.ApplicationFilterChain.doFilter(ApplicationFilterChain.java:132) ~[tomcat-embed-core-11.0.24.jar:11.0.24]
	at org.apache.tomcat.websocket.server.WsFilter.doFilter(WsFilter.java:59) ~[tomcat-embed-websocket-11.0.24.jar:11.0.24]
	at org.apache.catalina.core.ApplicationFilterChain.doFilter(ApplicationFilterChain.java:111) ~[tomcat-embed-core-11.0.24.jar:11.0.24]
	at org.springframework.web.filter.RequestContextFilter.doFilterInternal(RequestContextFilter.java:100) ~[spring-web-7.0.9.jar:7.0.9]
	at org.springframework.web.filter.OncePerRequestFilter.doFilter(OncePerRequestFilter.java:116) ~[spring-web-7.0.9.jar:7.0.9]
	at org.apache.catalina.core.ApplicationFilterChain.doFilter(ApplicationFilterChain.java:111) ~[tomcat-embed-core-11.0.24.jar:11.0.24]
	at org.springframework.web.filter.FormContentFilter.doFilterInternal(FormContentFilter.java:93) ~[spring-web-7.0.9.jar:7.0.9]
	at org.springframework.web.filter.OncePerRequestFilter.doFilter(OncePerRequestFilter.java:116) ~[spring-web-7.0.9.jar:7.0.9]
	at org.apache.catalina.core.ApplicationFilterChain.doFilter(ApplicationFilterChain.java:111) ~[tomcat-embed-core-11.0.24.jar:11.0.24]
	at org.springframework.web.filter.CharacterEncodingFilter.doFilterInternal(CharacterEncodingFilter.java:199) ~[spring-web-7.0.9.jar:7.0.9]
	at org.springframework.web.filter.OncePerRequestFilter.doFilter(OncePerRequestFilter.java:116) ~[spring-web-7.0.9.jar:7.0.9]
	at org.apache.catalina.core.ApplicationFilterChain.doFilter(ApplicationFilterChain.java:111) ~[tomcat-embed-core-11.0.24.jar:11.0.24]
	at org.apache.catalina.core.StandardWrapperValve.invoke(StandardWrapperValve.java:165) ~[tomcat-embed-core-11.0.24.jar:11.0.24]
	at org.apache.catalina.core.StandardContextValve.invoke(StandardContextValve.java:77) ~[tomcat-embed-core-11.0.24.jar:11.0.24]
	at org.apache.catalina.authenticator.AuthenticatorBase.invoke(AuthenticatorBase.java:535) ~[tomcat-embed-core-11.0.24.jar:11.0.24]
	at org.apache.catalina.core.StandardHostValve.invoke(StandardHostValve.java:115) ~[tomcat-embed-core-11.0.24.jar:11.0.24]
	at org.apache.catalina.valves.ErrorReportValve.invoke(ErrorReportValve.java:86) ~[tomcat-embed-core-11.0.24.jar:11.0.24]
	at org.apache.catalina.core.StandardEngineValve.invoke(StandardEngineValve.java:71) ~[tomcat-embed-core-11.0.24.jar:11.0.24]
	at org.apache.catalina.connector.CoyoteAdapter.service(CoyoteAdapter.java:347) ~[tomcat-embed-core-11.0.24.jar:11.0.24]
	at org.apache.coyote.http11.Http11Processor.service(Http11Processor.java:406) ~[tomcat-embed-core-11.0.24.jar:11.0.24]
	at org.apache.coyote.AbstractProcessorLight.process(AbstractProcessorLight.java:71) ~[tomcat-embed-core-11.0.24.jar:11.0.24]
	at org.apache.coyote.AbstractProtocol$ConnectionHandler.process(AbstractProtocol.java:1307) ~[tomcat-embed-core-11.0.24.jar:11.0.24]
	at org.apache.tomcat.util.net.NioEndpoint$SocketProcessor.doRun(NioEndpoint.java:2036) ~[tomcat-embed-core-11.0.24.jar:11.0.24]
	at org.apache.tomcat.util.net.SocketProcessorBase.run(SocketProcessorBase.java:74) ~[tomcat-embed-core-11.0.24.jar:11.0.24]
	at org.apache.tomcat.util.threads.ThreadPoolExecutor.runWorker(ThreadPoolExecutor.java:949) ~[tomcat-embed-core-11.0.24.jar:11.0.24]
	at org.apache.tomcat.util.threads.ThreadPoolExecutor$Worker.run(ThreadPoolExecutor.java:483) ~[tomcat-embed-core-11.0.24.jar:11.0.24]
	at org.apache.tomcat.util.threads.TaskThread$WrappingRunnable.run(TaskThread.java:74) ~[tomcat-embed-core-11.0.24.jar:11.0.24]
	at java.base/java.lang.Thread.run(Thread.java:833) ~[na:na]

2026-09-29T14:31:06.412-04:00  INFO 31668 --- [nobsv2] [RMI TCP Connection(13)-127.0.0.1] inMXBeanRegistrar$SpringApplicationAdmin : Application shutdown requested.
2026-09-29T14:31:10.050-04:00  INFO 31668 --- [nobsv2] [RMI TCP Connection(13)-127.0.0.1] o.s.boot.tomcat.GracefulShutdown         : Commencing graceful shutdown. Waiting for active requests to complete
2026-09-29T14:31:11.834-04:00  INFO 31668 --- [nobsv2] [tomcat-shutdown] o.s.boot.tomcat.GracefulShutdown         : Graceful shutdown complete
2026-09-29T14:31:12.164-04:00  INFO 31668 --- [nobsv2] [RMI TCP Connection(13)-127.0.0.1] j.LocalContainerEntityManagerFactoryBean : Closing JPA EntityManagerFactory for persistence unit 'default'
2026-09-29T14:31:13.626-04:00  INFO 31668 --- [nobsv2] [RMI TCP Connection(13)-127.0.0.1] com.zaxxer.hikari.HikariDataSource       : HikariPool-1 - Shutdown initiated...
2026-09-29T14:31:13.943-04:00  INFO 31668 --- [nobsv2] [RMI TCP Connection(13)-127.0.0.1] com.zaxxer.hikari.HikariDataSource       : HikariPool-1 - Shutdown completed.
2026-09-29T14:31:25.352-04:00  INFO 17276 --- [nobsv2] [main] com.example.nobsv2.Nobsv2Application     : Starting Nobsv2Application using Java 17.0.8.1 with PID 17276 (C:\Users\brand\eclipse-workspace\nobsv2\target\classes started by brand in C:\Users\brand\eclipse-workspace\nobsv2)
2026-09-29T14:31:25.357-04:00  INFO 17276 --- [nobsv2] [main] com.example.nobsv2.Nobsv2Application     : No active profile set, falling back to 1 default profile: "default"
2026-09-29T14:31:26.229-04:00  INFO 17276 --- [nobsv2] [main] .s.d.r.c.RepositoryConfigurationDelegate : Bootstrapping Spring Data JPA repositories in DEFAULT mode.
2026-09-29T14:31:26.304-04:00  INFO 17276 --- [nobsv2] [main] .s.d.r.c.RepositoryConfigurationDelegate : Finished Spring Data repository scanning in 61 ms. Found 2 JPA repository interfaces.
2026-09-29T14:31:26.862-04:00  INFO 17276 --- [nobsv2] [main] o.s.boot.tomcat.TomcatWebServer          : Tomcat initialized with port 8081 (http)
2026-09-29T14:31:26.886-04:00  INFO 17276 --- [nobsv2] [main] o.apache.catalina.core.StandardService   : Starting service [Tomcat]
2026-09-29T14:31:26.887-04:00  INFO 17276 --- [nobsv2] [main] o.apache.catalina.core.StandardEngine    : Starting Servlet engine: [Apache Tomcat/11.0.24]
2026-09-29T14:31:26.979-04:00  INFO 17276 --- [nobsv2] [main] b.w.c.s.WebApplicationContextInitializer : Root WebApplicationContext: initialization completed in 1557 ms
2026-09-29T14:31:27.216-04:00  INFO 17276 --- [nobsv2] [main] com.zaxxer.hikari.HikariDataSource       : HikariPool-1 - Starting...
2026-09-29T14:31:27.625-04:00  INFO 17276 --- [nobsv2] [main] com.zaxxer.hikari.pool.HikariPool        : HikariPool-1 - Added connection com.mysql.cj.jdbc.ConnectionImpl@7e747037
2026-09-29T14:31:27.627-04:00  INFO 17276 --- [nobsv2] [main] com.zaxxer.hikari.HikariDataSource       : HikariPool-1 - Start completed.
2026-09-29T14:31:27.659-04:00  INFO 17276 --- [nobsv2] [main] org.hibernate.orm.jpa                    : HHH008540: Processing PersistenceUnitInfo [name: default]
2026-09-29T14:31:27.745-04:00  INFO 17276 --- [nobsv2] [main] org.hibernate.orm.core                   : HHH000001: Hibernate ORM core version 7.4.5.Final
2026-09-29T14:31:28.349-04:00  INFO 17276 --- [nobsv2] [main] o.s.o.j.p.SpringPersistenceUnitInfo      : No LoadTimeWeaver setup: ignoring JPA class transformer
2026-09-29T14:31:28.499-04:00  INFO 17276 --- [nobsv2] [main] org.hibernate.orm.connections.pooling    : HHH10001005: Database info:
	Database JDBC URL [jdbc:mysql://localhost:3306/nobsv2]
	Database driver: MySQL Connector/J
	Database dialect: MySQLDialect
	Database version: 8.0.34
	Default catalog/schema: nobsv2/undefined
	Autocommit mode: undefined/unknown
	Isolation level: REPEATABLE_READ [default REPEATABLE_READ]
	JDBC fetch size: none
	Pool: DataSourceConnectionProvider
	Minimum pool size: undefined/unknown
	Maximum pool size: undefined/unknown
2026-09-29T14:31:29.677-04:00  INFO 17276 --- [nobsv2] [main] org.hibernate.orm.core                   : HHH000489: No JTA platform available (set 'hibernate.transaction.jta.platform' to enable JTA platform integration)
2026-09-29T14:31:29.689-04:00  INFO 17276 --- [nobsv2] [main] j.LocalContainerEntityManagerFactoryBean : Initialized JPA EntityManagerFactory for persistence unit 'default'
2026-09-29T14:31:29.797-04:00  INFO 17276 --- [nobsv2] [main] o.s.d.j.r.query.QueryEnhancerFactories   : Hibernate is in classpath; If applicable, HQL parser will be used.
2026-09-29T14:31:30.738-04:00  WARN 17276 --- [nobsv2] [main] JpaBaseConfiguration$JpaWebConfiguration : spring.jpa.open-in-view is enabled by default. Therefore, database queries may be performed during view rendering. Explicitly configure spring.jpa.open-in-view to disable this warning
2026-09-29T14:31:31.262-04:00  INFO 17276 --- [nobsv2] [main] o.s.boot.tomcat.TomcatWebServer          : Tomcat started on port 8081 (http) with context path '/'
2026-09-29T14:31:31.269-04:00  INFO 17276 --- [nobsv2] [main] com.example.nobsv2.Nobsv2Application     : Started Nobsv2Application in 6.621 seconds (process running for 7.996)
2026-09-29T14:32:19.851-04:00  INFO 17276 --- [nobsv2] [http-nio-8081-exec-2] o.a.c.c.C.[Tomcat].[localhost].[/]       : Initializing Spring DispatcherServlet 'dispatcherServlet'
2026-09-29T14:32:19.852-04:00  INFO 17276 --- [nobsv2] [http-nio-8081-exec-2] o.s.web.servlet.DispatcherServlet        : Initializing Servlet 'dispatcherServlet'
2026-09-29T14:32:19.853-04:00  INFO 17276 --- [nobsv2] [http-nio-8081-exec-2] o.s.web.servlet.DispatcherServlet        : Completed initialization in 1 ms
2026-09-29T14:32:19.901-04:00  INFO 17276 --- [nobsv2] [http-nio-8081-exec-2] c.e.n.p.services.GetProductService       : Executing class com.example.nobsv2.product.services.GetProductService input: 2
2026-09-29T14:32:41.264-04:00  INFO 17276 --- [nobsv2] [http-nio-8081-exec-4] c.e.n.p.services.GetProductService       : Executing class com.example.nobsv2.product.services.GetProductService input: 2
2026-09-29T14:33:22.176-04:00  INFO 17276 --- [nobsv2] [http-nio-8081-exec-10] c.e.n.p.services.GetProductService       : Executing class com.example.nobsv2.product.services.GetProductService input: 2
2026-09-29T14:35:08.639-04:00  INFO 17276 --- [nobsv2] [RMI TCP Connection(6)-127.0.0.1] inMXBeanRegistrar$SpringApplicationAdmin : Application shutdown requested.
2026-09-29T14:35:09.214-04:00  INFO 17276 --- [nobsv2] [RMI TCP Connection(6)-127.0.0.1] o.s.boot.tomcat.GracefulShutdown         : Commencing graceful shutdown. Waiting for active requests to complete
2026-09-29T14:35:11.047-04:00  INFO 17276 --- [nobsv2] [tomcat-shutdown] o.s.boot.tomcat.GracefulShutdown         : Graceful shutdown complete
2026-09-29T14:35:11.251-04:00  INFO 17276 --- [nobsv2] [RMI TCP Connection(6)-127.0.0.1] j.LocalContainerEntityManagerFactoryBean : Closing JPA EntityManagerFactory for persistence unit 'default'
2026-09-29T14:35:11.463-04:00  INFO 17276 --- [nobsv2] [RMI TCP Connection(6)-127.0.0.1] com.zaxxer.hikari.HikariDataSource       : HikariPool-1 - Shutdown initiated...
2026-09-29T14:35:11.696-04:00  INFO 17276 --- [nobsv2] [RMI TCP Connection(6)-127.0.0.1] com.zaxxer.hikari.HikariDataSource       : HikariPool-1 - Shutdown completed.
2026-09-29T14:35:20.053-04:00  INFO 33464 --- [nobsv2] [main] com.example.nobsv2.Nobsv2Application     : Starting Nobsv2Application using Java 17.0.8.1 with PID 33464 (C:\Users\brand\eclipse-workspace\nobsv2\target\classes started by brand in C:\Users\brand\eclipse-workspace\nobsv2)
2026-09-29T14:35:20.057-04:00  INFO 33464 --- [nobsv2] [main] com.example.nobsv2.Nobsv2Application     : No active profile set, falling back to 1 default profile: "default"
2026-09-29T14:35:20.975-04:00  INFO 33464 --- [nobsv2] [main] .s.d.r.c.RepositoryConfigurationDelegate : Bootstrapping Spring Data JPA repositories in DEFAULT mode.
2026-09-29T14:35:21.058-04:00  INFO 33464 --- [nobsv2] [main] .s.d.r.c.RepositoryConfigurationDelegate : Finished Spring Data repository scanning in 67 ms. Found 2 JPA repository interfaces.
2026-09-29T14:35:21.814-04:00  INFO 33464 --- [nobsv2] [main] o.s.boot.tomcat.TomcatWebServer          : Tomcat initialized with port 8081 (http)
2026-09-29T14:35:21.837-04:00  INFO 33464 --- [nobsv2] [main] o.apache.catalina.core.StandardService   : Starting service [Tomcat]
2026-09-29T14:35:21.838-04:00  INFO 33464 --- [nobsv2] [main] o.apache.catalina.core.StandardEngine    : Starting Servlet engine: [Apache Tomcat/11.0.24]
2026-09-29T14:35:21.918-04:00  INFO 33464 --- [nobsv2] [main] b.w.c.s.WebApplicationContextInitializer : Root WebApplicationContext: initialization completed in 1794 ms
2026-09-29T14:35:22.161-04:00  INFO 33464 --- [nobsv2] [main] com.zaxxer.hikari.HikariDataSource       : HikariPool-1 - Starting...
2026-09-29T14:35:22.651-04:00  INFO 33464 --- [nobsv2] [main] com.zaxxer.hikari.pool.HikariPool        : HikariPool-1 - Added connection com.mysql.cj.jdbc.ConnectionImpl@56da96b3
2026-09-29T14:35:22.656-04:00  INFO 33464 --- [nobsv2] [main] com.zaxxer.hikari.HikariDataSource       : HikariPool-1 - Start completed.
2026-09-29T14:35:22.706-04:00  INFO 33464 --- [nobsv2] [main] org.hibernate.orm.jpa                    : HHH008540: Processing PersistenceUnitInfo [name: default]
2026-09-29T14:35:22.835-04:00  INFO 33464 --- [nobsv2] [main] org.hibernate.orm.core                   : HHH000001: Hibernate ORM core version 7.4.5.Final
2026-09-29T14:35:23.501-04:00  INFO 33464 --- [nobsv2] [main] o.s.o.j.p.SpringPersistenceUnitInfo      : No LoadTimeWeaver setup: ignoring JPA class transformer
2026-09-29T14:35:23.683-04:00  INFO 33464 --- [nobsv2] [main] org.hibernate.orm.connections.pooling    : HHH10001005: Database info:
	Database JDBC URL [jdbc:mysql://localhost:3306/nobsv2]
	Database driver: MySQL Connector/J
	Database dialect: MySQLDialect
	Database version: 8.0.34
	Default catalog/schema: nobsv2/undefined
	Autocommit mode: undefined/unknown
	Isolation level: REPEATABLE_READ [default REPEATABLE_READ]
	JDBC fetch size: none
	Pool: DataSourceConnectionProvider
	Minimum pool size: undefined/unknown
	Maximum pool size: undefined/unknown
2026-09-29T14:35:25.128-04:00  INFO 33464 --- [nobsv2] [main] org.hibernate.orm.core                   : HHH000489: No JTA platform available (set 'hibernate.transaction.jta.platform' to enable JTA platform integration)
2026-09-29T14:35:25.144-04:00  INFO 33464 --- [nobsv2] [main] j.LocalContainerEntityManagerFactoryBean : Initialized JPA EntityManagerFactory for persistence unit 'default'
2026-09-29T14:35:25.265-04:00  INFO 33464 --- [nobsv2] [main] o.s.d.j.r.query.QueryEnhancerFactories   : Hibernate is in classpath; If applicable, HQL parser will be used.
2026-09-29T14:35:26.341-04:00  WARN 33464 --- [nobsv2] [main] JpaBaseConfiguration$JpaWebConfiguration : spring.jpa.open-in-view is enabled by default. Therefore, database queries may be performed during view rendering. Explicitly configure spring.jpa.open-in-view to disable this warning
2026-09-29T14:35:26.840-04:00  INFO 33464 --- [nobsv2] [main] o.s.boot.tomcat.TomcatWebServer          : Tomcat started on port 8081 (http) with context path '/'
2026-09-29T14:35:26.850-04:00  INFO 33464 --- [nobsv2] [main] com.example.nobsv2.Nobsv2Application     : Started Nobsv2Application in 7.485 seconds (process running for 9.179)
2026-09-29T15:18:12.787-04:00  INFO 33464 --- [nobsv2] [RMI TCP Connection(46)-127.0.0.1] inMXBeanRegistrar$SpringApplicationAdmin : Application shutdown requested.
2026-09-29T15:18:12.987-04:00  INFO 33464 --- [nobsv2] [RMI TCP Connection(46)-127.0.0.1] o.s.boot.tomcat.GracefulShutdown         : Commencing graceful shutdown. Waiting for active requests to complete
2026-09-29T15:18:13.592-04:00  INFO 33464 --- [nobsv2] [tomcat-shutdown] o.s.boot.tomcat.GracefulShutdown         : Graceful shutdown complete
2026-09-29T15:18:13.654-04:00  INFO 33464 --- [nobsv2] [RMI TCP Connection(46)-127.0.0.1] j.LocalContainerEntityManagerFactoryBean : Closing JPA EntityManagerFactory for persistence unit 'default'
2026-09-29T15:18:13.710-04:00  INFO 33464 --- [nobsv2] [RMI TCP Connection(46)-127.0.0.1] com.zaxxer.hikari.HikariDataSource       : HikariPool-1 - Shutdown initiated...
2026-09-29T15:18:13.737-04:00  INFO 33464 --- [nobsv2] [RMI TCP Connection(46)-127.0.0.1] com.zaxxer.hikari.HikariDataSource       : HikariPool-1 - Shutdown completed.
2026-09-29T15:18:25.747-04:00  INFO 8424 --- [nobsv2] [main] com.example.nobsv2.Nobsv2Application     : Starting Nobsv2Application using Java 17.0.8.1 with PID 8424 (C:\Users\brand\eclipse-workspace\nobsv2\target\classes started by brand in C:\Users\brand\eclipse-workspace\nobsv2)
2026-09-29T15:18:25.750-04:00  INFO 8424 --- [nobsv2] [main] com.example.nobsv2.Nobsv2Application     : No active profile set, falling back to 1 default profile: "default"
2026-09-29T15:18:26.572-04:00  INFO 8424 --- [nobsv2] [main] .s.d.r.c.RepositoryConfigurationDelegate : Bootstrapping Spring Data JPA repositories in DEFAULT mode.
2026-09-29T15:18:26.641-04:00  INFO 8424 --- [nobsv2] [main] .s.d.r.c.RepositoryConfigurationDelegate : Finished Spring Data repository scanning in 56 ms. Found 2 JPA repository interfaces.
2026-09-29T15:18:27.097-04:00  INFO 8424 --- [nobsv2] [main] o.s.boot.tomcat.TomcatWebServer          : Tomcat initialized with port 8081 (http)
2026-09-29T15:18:27.111-04:00  INFO 8424 --- [nobsv2] [main] o.apache.catalina.core.StandardService   : Starting service [Tomcat]
2026-09-29T15:18:27.112-04:00  INFO 8424 --- [nobsv2] [main] o.apache.catalina.core.StandardEngine    : Starting Servlet engine: [Apache Tomcat/11.0.24]
2026-09-29T15:18:27.184-04:00  INFO 8424 --- [nobsv2] [main] b.w.c.s.WebApplicationContextInitializer : Root WebApplicationContext: initialization completed in 1375 ms
2026-09-29T15:18:27.350-04:00  INFO 8424 --- [nobsv2] [main] com.zaxxer.hikari.HikariDataSource       : HikariPool-1 - Starting...
2026-09-29T15:18:27.662-04:00  INFO 8424 --- [nobsv2] [main] com.zaxxer.hikari.pool.HikariPool        : HikariPool-1 - Added connection com.mysql.cj.jdbc.ConnectionImpl@b5c902
2026-09-29T15:18:27.664-04:00  INFO 8424 --- [nobsv2] [main] com.zaxxer.hikari.HikariDataSource       : HikariPool-1 - Start completed.
2026-09-29T15:18:27.693-04:00  INFO 8424 --- [nobsv2] [main] org.hibernate.orm.jpa                    : HHH008540: Processing PersistenceUnitInfo [name: default]
2026-09-29T15:18:27.773-04:00  INFO 8424 --- [nobsv2] [main] org.hibernate.orm.core                   : HHH000001: Hibernate ORM core version 7.4.5.Final
2026-09-29T15:18:28.284-04:00  INFO 8424 --- [nobsv2] [main] o.s.o.j.p.SpringPersistenceUnitInfo      : No LoadTimeWeaver setup: ignoring JPA class transformer
2026-09-29T15:18:28.435-04:00  INFO 8424 --- [nobsv2] [main] org.hibernate.orm.connections.pooling    : HHH10001005: Database info:
	Database JDBC URL [jdbc:mysql://localhost:3306/nobsv2]
	Database driver: MySQL Connector/J
	Database dialect: MySQLDialect
	Database version: 8.0.34
	Default catalog/schema: nobsv2/undefined
	Autocommit mode: undefined/unknown
	Isolation level: REPEATABLE_READ [default REPEATABLE_READ]
	JDBC fetch size: none
	Pool: DataSourceConnectionProvider
	Minimum pool size: undefined/unknown
	Maximum pool size: undefined/unknown
2026-09-29T15:18:29.460-04:00  INFO 8424 --- [nobsv2] [main] org.hibernate.orm.core                   : HHH000489: No JTA platform available (set 'hibernate.transaction.jta.platform' to enable JTA platform integration)
2026-09-29T15:18:29.470-04:00  INFO 8424 --- [nobsv2] [main] j.LocalContainerEntityManagerFactoryBean : Initialized JPA EntityManagerFactory for persistence unit 'default'
2026-09-29T15:18:29.561-04:00  INFO 8424 --- [nobsv2] [main] o.s.d.j.r.query.QueryEnhancerFactories   : Hibernate is in classpath; If applicable, HQL parser will be used.
2026-09-29T15:18:30.302-04:00  WARN 8424 --- [nobsv2] [main] JpaBaseConfiguration$JpaWebConfiguration : spring.jpa.open-in-view is enabled by default. Therefore, database queries may be performed during view rendering. Explicitly configure spring.jpa.open-in-view to disable this warning
2026-09-29T15:18:30.686-04:00  INFO 8424 --- [nobsv2] [main] o.s.boot.tomcat.TomcatWebServer          : Tomcat started on port 8081 (http) with context path '/'
2026-09-29T15:18:30.691-04:00  INFO 8424 --- [nobsv2] [main] com.example.nobsv2.Nobsv2Application     : Started Nobsv2Application in 5.805 seconds (process running for 7.158)
2026-09-29T15:18:57.990-04:00  INFO 8424 --- [nobsv2] [http-nio-8081-exec-3] o.a.c.c.C.[Tomcat].[localhost].[/]       : Initializing Spring DispatcherServlet 'dispatcherServlet'
2026-09-29T15:18:57.990-04:00  INFO 8424 --- [nobsv2] [http-nio-8081-exec-3] o.s.web.servlet.DispatcherServlet        : Initializing Servlet 'dispatcherServlet'
2026-09-29T15:18:57.991-04:00  INFO 8424 --- [nobsv2] [http-nio-8081-exec-3] o.s.web.servlet.DispatcherServlet        : Completed initialization in 1 ms
2026-09-29T15:18:58.046-04:00  INFO 8424 --- [nobsv2] [http-nio-8081-exec-3] c.e.n.p.services.GetProductService       : Executing class com.example.nobsv2.product.services.GetProductService input: 2
2026-09-29T15:29:40.627-04:00  INFO 8424 --- [nobsv2] [RMI TCP Connection(15)-127.0.0.1] inMXBeanRegistrar$SpringApplicationAdmin : Application shutdown requested.
2026-09-29T15:29:40.909-04:00  INFO 8424 --- [nobsv2] [RMI TCP Connection(15)-127.0.0.1] o.s.boot.tomcat.GracefulShutdown         : Commencing graceful shutdown. Waiting for active requests to complete
2026-09-29T15:29:41.760-04:00  INFO 8424 --- [nobsv2] [tomcat-shutdown] o.s.boot.tomcat.GracefulShutdown         : Graceful shutdown complete
2026-09-29T15:29:41.990-04:00  INFO 8424 --- [nobsv2] [RMI TCP Connection(15)-127.0.0.1] j.LocalContainerEntityManagerFactoryBean : Closing JPA EntityManagerFactory for persistence unit 'default'
2026-09-29T15:29:42.294-04:00  INFO 8424 --- [nobsv2] [RMI TCP Connection(15)-127.0.0.1] com.zaxxer.hikari.HikariDataSource       : HikariPool-1 - Shutdown initiated...
2026-09-29T15:29:42.841-04:00  INFO 8424 --- [nobsv2] [RMI TCP Connection(15)-127.0.0.1] com.zaxxer.hikari.HikariDataSource       : HikariPool-1 - Shutdown completed.
2026-09-29T15:29:52.457-04:00  INFO 7036 --- [nobsv2] [main] com.example.nobsv2.Nobsv2Application     : Starting Nobsv2Application using Java 17.0.8.1 with PID 7036 (C:\Users\brand\eclipse-workspace\nobsv2\target\classes started by brand in C:\Users\brand\eclipse-workspace\nobsv2)
2026-09-29T15:29:52.465-04:00  INFO 7036 --- [nobsv2] [main] com.example.nobsv2.Nobsv2Application     : No active profile set, falling back to 1 default profile: "default"
2026-09-29T15:29:53.856-04:00  INFO 7036 --- [nobsv2] [main] .s.d.r.c.RepositoryConfigurationDelegate : Bootstrapping Spring Data JPA repositories in DEFAULT mode.
2026-09-29T15:29:53.953-04:00  INFO 7036 --- [nobsv2] [main] .s.d.r.c.RepositoryConfigurationDelegate : Finished Spring Data repository scanning in 82 ms. Found 2 JPA repository interfaces.
2026-09-29T15:29:54.712-04:00  INFO 7036 --- [nobsv2] [main] o.s.boot.tomcat.TomcatWebServer          : Tomcat initialized with port 8081 (http)
2026-09-29T15:29:54.736-04:00  INFO 7036 --- [nobsv2] [main] o.apache.catalina.core.StandardService   : Starting service [Tomcat]
2026-09-29T15:29:54.736-04:00  INFO 7036 --- [nobsv2] [main] o.apache.catalina.core.StandardEngine    : Starting Servlet engine: [Apache Tomcat/11.0.24]
2026-09-29T15:29:54.804-04:00  INFO 7036 --- [nobsv2] [main] b.w.c.s.WebApplicationContextInitializer : Root WebApplicationContext: initialization completed in 2215 ms
2026-09-29T15:29:54.998-04:00  INFO 7036 --- [nobsv2] [main] com.zaxxer.hikari.HikariDataSource       : HikariPool-1 - Starting...
2026-09-29T15:29:55.460-04:00  INFO 7036 --- [nobsv2] [main] com.zaxxer.hikari.pool.HikariPool        : HikariPool-1 - Added connection com.mysql.cj.jdbc.ConnectionImpl@17884d
2026-09-29T15:29:55.462-04:00  INFO 7036 --- [nobsv2] [main] com.zaxxer.hikari.HikariDataSource       : HikariPool-1 - Start completed.
2026-09-29T15:29:55.500-04:00  INFO 7036 --- [nobsv2] [main] org.hibernate.orm.jpa                    : HHH008540: Processing PersistenceUnitInfo [name: default]
2026-09-29T15:29:55.606-04:00  INFO 7036 --- [nobsv2] [main] org.hibernate.orm.core                   : HHH000001: Hibernate ORM core version 7.4.5.Final
2026-09-29T15:29:56.252-04:00  INFO 7036 --- [nobsv2] [main] o.s.o.j.p.SpringPersistenceUnitInfo      : No LoadTimeWeaver setup: ignoring JPA class transformer
2026-09-29T15:29:56.442-04:00  INFO 7036 --- [nobsv2] [main] org.hibernate.orm.connections.pooling    : HHH10001005: Database info:
	Database JDBC URL [jdbc:mysql://localhost:3306/nobsv2]
	Database driver: MySQL Connector/J
	Database dialect: MySQLDialect
	Database version: 8.0.34
	Default catalog/schema: nobsv2/undefined
	Autocommit mode: undefined/unknown
	Isolation level: REPEATABLE_READ [default REPEATABLE_READ]
	JDBC fetch size: none
	Pool: DataSourceConnectionProvider
	Minimum pool size: undefined/unknown
	Maximum pool size: undefined/unknown
2026-09-29T15:29:58.169-04:00  INFO 7036 --- [nobsv2] [main] org.hibernate.orm.core                   : HHH000489: No JTA platform available (set 'hibernate.transaction.jta.platform' to enable JTA platform integration)
2026-09-29T15:29:58.190-04:00  INFO 7036 --- [nobsv2] [main] j.LocalContainerEntityManagerFactoryBean : Initialized JPA EntityManagerFactory for persistence unit 'default'
2026-09-29T15:29:58.432-04:00  INFO 7036 --- [nobsv2] [main] o.s.d.j.r.query.QueryEnhancerFactories   : Hibernate is in classpath; If applicable, HQL parser will be used.
2026-09-29T15:29:59.431-04:00  WARN 7036 --- [nobsv2] [main] JpaBaseConfiguration$JpaWebConfiguration : spring.jpa.open-in-view is enabled by default. Therefore, database queries may be performed during view rendering. Explicitly configure spring.jpa.open-in-view to disable this warning
2026-09-29T15:30:00.147-04:00  INFO 7036 --- [nobsv2] [main] o.s.boot.tomcat.TomcatWebServer          : Tomcat started on port 8081 (http) with context path '/'
2026-09-29T15:30:00.157-04:00  INFO 7036 --- [nobsv2] [main] com.example.nobsv2.Nobsv2Application     : Started Nobsv2Application in 8.663 seconds (process running for 10.483)
2026-09-29T20:46:51.638-04:00  INFO 7036 --- [nobsv2] [RMI TCP Connection(322)-127.0.0.1] inMXBeanRegistrar$SpringApplicationAdmin : Application shutdown requested.
2026-09-29T20:46:52.414-04:00  INFO 7036 --- [nobsv2] [RMI TCP Connection(322)-127.0.0.1] o.s.boot.tomcat.GracefulShutdown         : Commencing graceful shutdown. Waiting for active requests to complete
2026-09-29T20:46:53.894-04:00  INFO 7036 --- [nobsv2] [tomcat-shutdown] o.s.boot.tomcat.GracefulShutdown         : Graceful shutdown complete
2026-09-29T20:46:54.575-04:00  INFO 7036 --- [nobsv2] [RMI TCP Connection(322)-127.0.0.1] j.LocalContainerEntityManagerFactoryBean : Closing JPA EntityManagerFactory for persistence unit 'default'
2026-09-29T20:46:55.310-04:00  INFO 7036 --- [nobsv2] [RMI TCP Connection(322)-127.0.0.1] com.zaxxer.hikari.HikariDataSource       : HikariPool-1 - Shutdown initiated...
2026-09-29T20:46:55.628-04:00  INFO 7036 --- [nobsv2] [RMI TCP Connection(322)-127.0.0.1] com.zaxxer.hikari.HikariDataSource       : HikariPool-1 - Shutdown completed.
2026-09-29T20:47:04.606-04:00  INFO 32852 --- [nobsv2] [main] com.example.nobsv2.Nobsv2Application     : Starting Nobsv2Application using Java 17.0.8.1 with PID 32852 (C:\Users\brand\eclipse-workspace\nobsv2\target\classes started by brand in C:\Users\brand\eclipse-workspace\nobsv2)
2026-09-29T20:47:04.611-04:00  INFO 32852 --- [nobsv2] [main] com.example.nobsv2.Nobsv2Application     : No active profile set, falling back to 1 default profile: "default"
2026-09-29T20:47:06.108-04:00  INFO 32852 --- [nobsv2] [main] .s.d.r.c.RepositoryConfigurationDelegate : Bootstrapping Spring Data JPA repositories in DEFAULT mode.
2026-09-29T20:47:06.237-04:00  INFO 32852 --- [nobsv2] [main] .s.d.r.c.RepositoryConfigurationDelegate : Finished Spring Data repository scanning in 108 ms. Found 2 JPA repository interfaces.
2026-09-29T20:47:07.030-04:00  INFO 32852 --- [nobsv2] [main] o.s.boot.tomcat.TomcatWebServer          : Tomcat initialized with port 8081 (http)
2026-09-29T20:47:07.060-04:00  INFO 32852 --- [nobsv2] [main] o.apache.catalina.core.StandardService   : Starting service [Tomcat]
2026-09-29T20:47:07.060-04:00  INFO 32852 --- [nobsv2] [main] o.apache.catalina.core.StandardEngine    : Starting Servlet engine: [Apache Tomcat/11.0.24]
2026-09-29T20:47:07.136-04:00  INFO 32852 --- [nobsv2] [main] b.w.c.s.WebApplicationContextInitializer : Root WebApplicationContext: initialization completed in 2458 ms
2026-09-29T20:47:07.368-04:00  INFO 32852 --- [nobsv2] [main] com.zaxxer.hikari.HikariDataSource       : HikariPool-1 - Starting...
2026-09-29T20:47:07.862-04:00  INFO 32852 --- [nobsv2] [main] com.zaxxer.hikari.pool.HikariPool        : HikariPool-1 - Added connection com.mysql.cj.jdbc.ConnectionImpl@7e2bc2f4
2026-09-29T20:47:07.865-04:00  INFO 32852 --- [nobsv2] [main] com.zaxxer.hikari.HikariDataSource       : HikariPool-1 - Start completed.
2026-09-29T20:47:07.908-04:00  INFO 32852 --- [nobsv2] [main] org.hibernate.orm.jpa                    : HHH008540: Processing PersistenceUnitInfo [name: default]
2026-09-29T20:47:08.018-04:00  INFO 32852 --- [nobsv2] [main] org.hibernate.orm.core                   : HHH000001: Hibernate ORM core version 7.4.5.Final
2026-09-29T20:47:08.608-04:00  INFO 32852 --- [nobsv2] [main] o.s.o.j.p.SpringPersistenceUnitInfo      : No LoadTimeWeaver setup: ignoring JPA class transformer
2026-09-29T20:47:08.815-04:00  INFO 32852 --- [nobsv2] [main] org.hibernate.orm.connections.pooling    : HHH10001005: Database info:
	Database JDBC URL [jdbc:mysql://localhost:3306/nobsv2]
	Database driver: MySQL Connector/J
	Database dialect: MySQLDialect
	Database version: 8.0.34
	Default catalog/schema: nobsv2/undefined
	Autocommit mode: undefined/unknown
	Isolation level: REPEATABLE_READ [default REPEATABLE_READ]
	JDBC fetch size: none
	Pool: DataSourceConnectionProvider
	Minimum pool size: undefined/unknown
	Maximum pool size: undefined/unknown
2026-09-29T20:47:10.080-04:00  INFO 32852 --- [nobsv2] [main] org.hibernate.orm.core                   : HHH000489: No JTA platform available (set 'hibernate.transaction.jta.platform' to enable JTA platform integration)
2026-09-29T20:47:10.090-04:00  INFO 32852 --- [nobsv2] [main] j.LocalContainerEntityManagerFactoryBean : Initialized JPA EntityManagerFactory for persistence unit 'default'
2026-09-29T20:47:10.270-04:00  INFO 32852 --- [nobsv2] [main] o.s.d.j.r.query.QueryEnhancerFactories   : Hibernate is in classpath; If applicable, HQL parser will be used.
2026-09-29T20:47:11.261-04:00  WARN 32852 --- [nobsv2] [main] JpaBaseConfiguration$JpaWebConfiguration : spring.jpa.open-in-view is enabled by default. Therefore, database queries may be performed during view rendering. Explicitly configure spring.jpa.open-in-view to disable this warning
2026-09-29T20:47:11.739-04:00  INFO 32852 --- [nobsv2] [main] o.s.boot.tomcat.TomcatWebServer          : Tomcat started on port 8081 (http) with context path '/'
2026-09-29T20:47:11.748-04:00  INFO 32852 --- [nobsv2] [main] com.example.nobsv2.Nobsv2Application     : Started Nobsv2Application in 7.882 seconds (process running for 9.503)
2026-09-29T20:50:30.915-04:00  INFO 32852 --- [nobsv2] [RMI TCP Connection(7)-127.0.0.1] inMXBeanRegistrar$SpringApplicationAdmin : Application shutdown requested.
2026-09-29T20:50:31.017-04:00  INFO 32852 --- [nobsv2] [RMI TCP Connection(7)-127.0.0.1] o.s.boot.tomcat.GracefulShutdown         : Commencing graceful shutdown. Waiting for active requests to complete
2026-09-29T20:50:31.480-04:00  INFO 32852 --- [nobsv2] [tomcat-shutdown] o.s.boot.tomcat.GracefulShutdown         : Graceful shutdown complete
2026-09-29T20:50:31.503-04:00  INFO 32852 --- [nobsv2] [RMI TCP Connection(7)-127.0.0.1] j.LocalContainerEntityManagerFactoryBean : Closing JPA EntityManagerFactory for persistence unit 'default'
2026-09-29T20:50:31.540-04:00  INFO 32852 --- [nobsv2] [RMI TCP Connection(7)-127.0.0.1] com.zaxxer.hikari.HikariDataSource       : HikariPool-1 - Shutdown initiated...
2026-09-29T20:50:31.585-04:00  INFO 32852 --- [nobsv2] [RMI TCP Connection(7)-127.0.0.1] com.zaxxer.hikari.HikariDataSource       : HikariPool-1 - Shutdown completed.
2026-09-29T20:50:38.787-04:00  INFO 23908 --- [nobsv2] [main] com.example.nobsv2.Nobsv2Application     : Starting Nobsv2Application using Java 17.0.8.1 with PID 23908 (C:\Users\brand\eclipse-workspace\nobsv2\target\classes started by brand in C:\Users\brand\eclipse-workspace\nobsv2)
2026-09-29T20:50:38.792-04:00  INFO 23908 --- [nobsv2] [main] com.example.nobsv2.Nobsv2Application     : No active profile set, falling back to 1 default profile: "default"
2026-09-29T20:50:39.545-04:00  INFO 23908 --- [nobsv2] [main] .s.d.r.c.RepositoryConfigurationDelegate : Bootstrapping Spring Data JPA repositories in DEFAULT mode.
2026-09-29T20:50:39.628-04:00  INFO 23908 --- [nobsv2] [main] .s.d.r.c.RepositoryConfigurationDelegate : Finished Spring Data repository scanning in 68 ms. Found 2 JPA repository interfaces.
2026-09-29T20:50:40.257-04:00  INFO 23908 --- [nobsv2] [main] o.s.boot.tomcat.TomcatWebServer          : Tomcat initialized with port 8081 (http)
2026-09-29T20:50:40.272-04:00  INFO 23908 --- [nobsv2] [main] o.apache.catalina.core.StandardService   : Starting service [Tomcat]
2026-09-29T20:50:40.273-04:00  INFO 23908 --- [nobsv2] [main] o.apache.catalina.core.StandardEngine    : Starting Servlet engine: [Apache Tomcat/11.0.24]
2026-09-29T20:50:40.337-04:00  INFO 23908 --- [nobsv2] [main] b.w.c.s.WebApplicationContextInitializer : Root WebApplicationContext: initialization completed in 1487 ms
2026-09-29T20:50:40.516-04:00  INFO 23908 --- [nobsv2] [main] com.zaxxer.hikari.HikariDataSource       : HikariPool-1 - Starting...
2026-09-29T20:50:40.915-04:00  INFO 23908 --- [nobsv2] [main] com.zaxxer.hikari.pool.HikariPool        : HikariPool-1 - Added connection com.mysql.cj.jdbc.ConnectionImpl@76af51d6
2026-09-29T20:50:40.920-04:00  INFO 23908 --- [nobsv2] [main] com.zaxxer.hikari.HikariDataSource       : HikariPool-1 - Start completed.
2026-09-29T20:50:40.960-04:00  INFO 23908 --- [nobsv2] [main] org.hibernate.orm.jpa                    : HHH008540: Processing PersistenceUnitInfo [name: default]
2026-09-29T20:50:41.070-04:00  INFO 23908 --- [nobsv2] [main] org.hibernate.orm.core                   : HHH000001: Hibernate ORM core version 7.4.5.Final
2026-09-29T20:50:41.659-04:00  INFO 23908 --- [nobsv2] [main] o.s.o.j.p.SpringPersistenceUnitInfo      : No LoadTimeWeaver setup: ignoring JPA class transformer
2026-09-29T20:50:41.825-04:00  INFO 23908 --- [nobsv2] [main] org.hibernate.orm.connections.pooling    : HHH10001005: Database info:
	Database JDBC URL [jdbc:mysql://localhost:3306/nobsv2]
	Database driver: MySQL Connector/J
	Database dialect: MySQLDialect
	Database version: 8.0.34
	Default catalog/schema: nobsv2/undefined
	Autocommit mode: undefined/unknown
	Isolation level: REPEATABLE_READ [default REPEATABLE_READ]
	JDBC fetch size: none
	Pool: DataSourceConnectionProvider
	Minimum pool size: undefined/unknown
	Maximum pool size: undefined/unknown
2026-09-29T20:50:42.907-04:00  INFO 23908 --- [nobsv2] [main] org.hibernate.orm.core                   : HHH000489: No JTA platform available (set 'hibernate.transaction.jta.platform' to enable JTA platform integration)
2026-09-29T20:50:42.916-04:00  INFO 23908 --- [nobsv2] [main] j.LocalContainerEntityManagerFactoryBean : Initialized JPA EntityManagerFactory for persistence unit 'default'
2026-09-29T20:50:43.079-04:00  INFO 23908 --- [nobsv2] [main] o.s.d.j.r.query.QueryEnhancerFactories   : Hibernate is in classpath; If applicable, HQL parser will be used.
2026-09-29T20:50:43.822-04:00  WARN 23908 --- [nobsv2] [main] JpaBaseConfiguration$JpaWebConfiguration : spring.jpa.open-in-view is enabled by default. Therefore, database queries may be performed during view rendering. Explicitly configure spring.jpa.open-in-view to disable this warning
2026-09-29T20:50:44.239-04:00  INFO 23908 --- [nobsv2] [main] o.s.boot.tomcat.TomcatWebServer          : Tomcat started on port 8081 (http) with context path '/'
2026-09-29T20:50:44.247-04:00  INFO 23908 --- [nobsv2] [main] com.example.nobsv2.Nobsv2Application     : Started Nobsv2Application in 5.957 seconds (process running for 6.886)
2026-09-29T20:52:43.110-04:00  INFO 23908 --- [nobsv2] [http-nio-8081-exec-1] o.a.c.c.C.[Tomcat].[localhost].[/]       : Initializing Spring DispatcherServlet 'dispatcherServlet'
2026-09-29T20:52:43.111-04:00  INFO 23908 --- [nobsv2] [http-nio-8081-exec-1] o.s.web.servlet.DispatcherServlet        : Initializing Servlet 'dispatcherServlet'
2026-09-29T20:52:43.122-04:00  INFO 23908 --- [nobsv2] [http-nio-8081-exec-1] o.s.web.servlet.DispatcherServlet        : Completed initialization in 11 ms
2026-09-29T21:15:41.233-04:00  INFO 23908 --- [nobsv2] [RMI TCP Connection(28)-127.0.0.1] inMXBeanRegistrar$SpringApplicationAdmin : Application shutdown requested.
2026-09-29T21:15:41.797-04:00  INFO 23908 --- [nobsv2] [RMI TCP Connection(28)-127.0.0.1] o.s.boot.tomcat.GracefulShutdown         : Commencing graceful shutdown. Waiting for active requests to complete
2026-09-29T21:15:42.314-04:00  INFO 23908 --- [nobsv2] [tomcat-shutdown] o.s.boot.tomcat.GracefulShutdown         : Graceful shutdown complete
2026-09-29T21:15:42.408-04:00  INFO 23908 --- [nobsv2] [RMI TCP Connection(28)-127.0.0.1] j.LocalContainerEntityManagerFactoryBean : Closing JPA EntityManagerFactory for persistence unit 'default'
2026-09-29T21:15:42.496-04:00  INFO 23908 --- [nobsv2] [RMI TCP Connection(28)-127.0.0.1] com.zaxxer.hikari.HikariDataSource       : HikariPool-1 - Shutdown initiated...
2026-09-29T21:15:42.545-04:00  INFO 23908 --- [nobsv2] [RMI TCP Connection(28)-127.0.0.1] com.zaxxer.hikari.HikariDataSource       : HikariPool-1 - Shutdown completed.
2026-09-29T21:15:48.911-04:00  INFO 15900 --- [nobsv2] [main] com.example.nobsv2.Nobsv2Application     : Starting Nobsv2Application using Java 17.0.8.1 with PID 15900 (C:\Users\brand\eclipse-workspace\nobsv2\target\classes started by brand in C:\Users\brand\eclipse-workspace\nobsv2)
2026-09-29T21:15:48.914-04:00  INFO 15900 --- [nobsv2] [main] com.example.nobsv2.Nobsv2Application     : No active profile set, falling back to 1 default profile: "default"
2026-09-29T21:15:49.685-04:00  INFO 15900 --- [nobsv2] [main] .s.d.r.c.RepositoryConfigurationDelegate : Bootstrapping Spring Data JPA repositories in DEFAULT mode.
2026-09-29T21:15:49.741-04:00  INFO 15900 --- [nobsv2] [main] .s.d.r.c.RepositoryConfigurationDelegate : Finished Spring Data repository scanning in 46 ms. Found 2 JPA repository interfaces.
2026-09-29T21:15:50.319-04:00  INFO 15900 --- [nobsv2] [main] o.s.boot.tomcat.TomcatWebServer          : Tomcat initialized with port 8081 (http)
2026-09-29T21:15:50.333-04:00  INFO 15900 --- [nobsv2] [main] o.apache.catalina.core.StandardService   : Starting service [Tomcat]
2026-09-29T21:15:50.333-04:00  INFO 15900 --- [nobsv2] [main] o.apache.catalina.core.StandardEngine    : Starting Servlet engine: [Apache Tomcat/11.0.24]
2026-09-29T21:15:50.391-04:00  INFO 15900 --- [nobsv2] [main] b.w.c.s.WebApplicationContextInitializer : Root WebApplicationContext: initialization completed in 1432 ms
2026-09-29T21:15:50.572-04:00  INFO 15900 --- [nobsv2] [main] com.zaxxer.hikari.HikariDataSource       : HikariPool-1 - Starting...
2026-09-29T21:15:50.886-04:00  INFO 15900 --- [nobsv2] [main] com.zaxxer.hikari.pool.HikariPool        : HikariPool-1 - Added connection com.mysql.cj.jdbc.ConnectionImpl@1930a804
2026-09-29T21:15:50.888-04:00  INFO 15900 --- [nobsv2] [main] com.zaxxer.hikari.HikariDataSource       : HikariPool-1 - Start completed.
2026-09-29T21:15:50.917-04:00  INFO 15900 --- [nobsv2] [main] org.hibernate.orm.jpa                    : HHH008540: Processing PersistenceUnitInfo [name: default]
2026-09-29T21:15:50.996-04:00  INFO 15900 --- [nobsv2] [main] org.hibernate.orm.core                   : HHH000001: Hibernate ORM core version 7.4.5.Final
2026-09-29T21:15:51.595-04:00  INFO 15900 --- [nobsv2] [main] o.s.o.j.p.SpringPersistenceUnitInfo      : No LoadTimeWeaver setup: ignoring JPA class transformer
2026-09-29T21:15:51.788-04:00  INFO 15900 --- [nobsv2] [main] org.hibernate.orm.connections.pooling    : HHH10001005: Database info:
	Database JDBC URL [jdbc:mysql://localhost:3306/nobsv2]
	Database driver: MySQL Connector/J
	Database dialect: MySQLDialect
	Database version: 8.0.34
	Default catalog/schema: nobsv2/undefined
	Autocommit mode: undefined/unknown
	Isolation level: REPEATABLE_READ [default REPEATABLE_READ]
	JDBC fetch size: none
	Pool: DataSourceConnectionProvider
	Minimum pool size: undefined/unknown
	Maximum pool size: undefined/unknown
2026-09-29T21:15:52.900-04:00  INFO 15900 --- [nobsv2] [main] org.hibernate.orm.core                   : HHH000489: No JTA platform available (set 'hibernate.transaction.jta.platform' to enable JTA platform integration)
2026-09-29T21:15:52.906-04:00  INFO 15900 --- [nobsv2] [main] j.LocalContainerEntityManagerFactoryBean : Initialized JPA EntityManagerFactory for persistence unit 'default'
2026-09-29T21:15:53.053-04:00  INFO 15900 --- [nobsv2] [main] o.s.d.j.r.query.QueryEnhancerFactories   : Hibernate is in classpath; If applicable, HQL parser will be used.
2026-09-29T21:15:53.755-04:00  WARN 15900 --- [nobsv2] [main] JpaBaseConfiguration$JpaWebConfiguration : spring.jpa.open-in-view is enabled by default. Therefore, database queries may be performed during view rendering. Explicitly configure spring.jpa.open-in-view to disable this warning
2026-09-29T21:15:54.195-04:00  INFO 15900 --- [nobsv2] [main] o.s.boot.tomcat.TomcatWebServer          : Tomcat started on port 8081 (http) with context path '/'
2026-09-29T21:15:54.203-04:00  INFO 15900 --- [nobsv2] [main] com.example.nobsv2.Nobsv2Application     : Started Nobsv2Application in 5.72 seconds (process running for 6.477)
2026-09-29T21:16:08.710-04:00  INFO 15900 --- [nobsv2] [http-nio-8081-exec-1] o.a.c.c.C.[Tomcat].[localhost].[/]       : Initializing Spring DispatcherServlet 'dispatcherServlet'
2026-09-29T21:16:08.711-04:00  INFO 15900 --- [nobsv2] [http-nio-8081-exec-1] o.s.web.servlet.DispatcherServlet        : Initializing Servlet 'dispatcherServlet'
2026-09-29T21:16:08.714-04:00  INFO 15900 --- [nobsv2] [http-nio-8081-exec-1] o.s.web.servlet.DispatcherServlet        : Completed initialization in 3 ms
2026-09-29T21:39:07.840-04:00  INFO 15900 --- [nobsv2] [RMI TCP Connection(28)-127.0.0.1] inMXBeanRegistrar$SpringApplicationAdmin : Application shutdown requested.
2026-09-29T21:39:08.142-04:00  INFO 15900 --- [nobsv2] [RMI TCP Connection(28)-127.0.0.1] o.s.boot.tomcat.GracefulShutdown         : Commencing graceful shutdown. Waiting for active requests to complete
2026-09-29T21:39:08.621-04:00  INFO 15900 --- [nobsv2] [tomcat-shutdown] o.s.boot.tomcat.GracefulShutdown         : Graceful shutdown complete
2026-09-29T21:39:08.689-04:00  INFO 15900 --- [nobsv2] [RMI TCP Connection(28)-127.0.0.1] j.LocalContainerEntityManagerFactoryBean : Closing JPA EntityManagerFactory for persistence unit 'default'
2026-09-29T21:39:08.781-04:00  INFO 15900 --- [nobsv2] [RMI TCP Connection(28)-127.0.0.1] com.zaxxer.hikari.HikariDataSource       : HikariPool-1 - Shutdown initiated...
2026-09-29T21:39:08.824-04:00  INFO 15900 --- [nobsv2] [RMI TCP Connection(28)-127.0.0.1] com.zaxxer.hikari.HikariDataSource       : HikariPool-1 - Shutdown completed.
